ProductID,ProductName,TotalSales,TotalProfit,Top5BestSeller
1,Product_1,12328.210000000001,1422.4500000000003,False
2,Product_2,14709.13,1438.4199999999998,False
3,Product_3,10034.619999999999,1891.0700000000002,False
4,Product_4,14802.51,417.03,False
5,Product_5,14632.21,517.05,False
6,Product_6,14174.22,146.38999999999987,False
7,Product_7,30710.440000000002,-711.3300000000002,False
8,Product_8,15420.18,1967.1899999999998,False
9,Product_9,11593.57,520.4,False
10,Product_10,14527.73,590.7200000000003,False
11,Product_11,10587.63,-1053.49,False
12,Product_12,10335.21,1493.8999999999999,False
13,Product_13,10393.66,2023.7600000000002,False
14,Product_14,12292.66,523.8999999999999,False
15,Product_15,11753.69,3656.2,False
16,Product_16,16010.27,848.9,False
17,Product_17,21442.68,-222.3699999999999,False
18,Product_18,17531.81,1693.91,False
19,Product_19,13756.03,-48.80000000000001,False
20,Product_20,16339.630000000001,3059.82,False
21,Product_21,18556.03,3998.83,False
22,Product_22,4442.28,234.80000000000018,False
23,Product_23,6056.16,1309.3799999999999,False
24,Product_24,6692.530000000001,-1415.52,False
25,Product_25,24360.66,3291.54,False
26,Product_26,6345.17,-135.26000000000022,False
27,Product_27,20022.71,247.91999999999985,False
28,Product_28,9843.34,4068.6600000000003,False
29,Product_29,13246.33,23.290000000000077,False
30,Product_30,14916.85,2048.49,False
31,Product_31,10286.52,2016.82,False
33,Product_33,19337.239999999998,-875.7100000000003,False
34,Product_34,12998.6,1144.8300000000002,False
35,Product_35,5887.110000000001,772.23,False
36,Product_36,12337.36,-1013.4599999999998,False
37,Product_37,14736.14,-342.2800000000001,False
38,Product_38,6733.01,1328.0099999999998,False
39,Product_39,11783.32,1406.26,False
40,Product_40,9697.460000000001,1510.1399999999999,False
41,Product_41,19888.14,566.16,False
42,Product_42,6030.16,-824.3100000000002,False
43,Product_43,21653.04,-1419.68,False
44,Product_44,17106.84,3568.1499999999996,False
45,Product_45,19483.43,3647.0600000000004,False
46,Product_46,3794.29,3642.66,False
47,Product_47,14984.98,1527.9900000000002,False
48,Product_48,8831.34,-667.5900000000001,False
49,Product_49,10254.57,538.6099999999997,False
50,Product_50,6664.79,-1339.6,False
51,Product_51,19461.829999999998,784.4999999999999,False
52,Product_52,6834.119999999999,432.8599999999999,False
53,Product_53,20854.92,-1265.3899999999999,False
54,Product_54,22149.64,3250.5200000000004,False
55,Product_55,8622.55,317.31999999999994,False
56,Product_56,9494.68,-91.94000000000005,False
57,Product_57,6994.98,944.9099999999999,False
58,Product_58,27667.989999999998,1872.29,False
59,Product_59,8477.56,55.25,False
60,Product_60,5354.47,2598.95,False
61,Product_61,8869.41,664.3999999999999,False
62,Product_62,5662.16,2594.3999999999996,False
63,Product_63,18154.11,4241.36,False
64,Product_64,18643.29,-1853.43,False
65,Product_65,15910.369999999999,1763.71,False
66,Product_66,10083.98,2058.04,False
67,Product_67,5220.24,-2361.9500000000003,False
68,Product_68,20838.74,-1206.13,False
69,Product_69,13337.49,1297.1899999999998,False
70,Product_70,7098.43,-1358.4299999999998,False
71,Product_71,13887.24,2273.2599999999998,False
72,Product_72,11040.15,-705.23,False
73,Product_73,4650.389999999999,1542.6799999999998,False
75,Product_75,20299.64,-2173.95,False
76,Product_76,9697.61,876.78,False
77,Product_77,6553.75,1471.08,False
78,Product_78,13555.9,3260.24,False
79,Product_79,10743.98,495.99,False
80,Product_80,4885.16,-344.50999999999976,False
81,Product_81,10454.0,2416.45,False
82,Product_82,21514.68,2063.6199999999994,False
83,Product_83,3505.6800000000003,-647.6999999999998,False
84,Product_84,14156.85,-176.8800000000001,False
85,Product_85,8390.25,319.9699999999998,False
86,Product_86,13735.83,3806.16,False
87,Product_87,15326.94,4641.7300000000005,False
88,Product_88,20214.67,-2089.8799999999997,False
89,Product_89,20289.22,2576.55,False
90,Product_90,7715.93,3155.6499999999996,False
91,Product_91,9277.77,1586.97,False
92,Product_92,9179.61,-1.7799999999999727,False
93,Product_93,14324.99,744.6700000000001,False
94,Product_94,9022.6,-494.04999999999995,False
95,Product_95,20823.94,2112.12,False
96,Product_96,9124.92,2977.1600000000003,False
97,Product_97,23009.600000000002,-700.45,False
98,Product_98,2646.06,665.49,False
99,Product_99,15489.94,907.79,False
100,Product_100,16554.02,1469.8799999999999,False
101,Product_101,23082.190000000002,1518.8199999999997,False
102,Product_102,15950.720000000001,2520.77,False
103,Product_103,14483.64,3166.24,False
104,Product_104,14586.53,1865.1700000000005,False
105,Product_105,7301.74,-364.47,False
106,Product_106,24844.82,1097.0699999999997,False
107,Product_107,17110.63,681.31,False
108,Product_108,7055.99,865.96,False
109,Product_109,24437.09,3624.54,False
110,Product_110,19508.670000000002,4001.6800000000003,False
111,Product_111,15161.480000000001,2047.3200000000002,False
112,Product_112,11778.29,-1611.3999999999999,False
113,Product_113,5663.39,1999.2500000000005,False
114,Product_114,7788.8099999999995,1537.3899999999999,False
115,Product_115,14881.880000000001,-568.1399999999999,False
116,Product_116,17321.18,3047.65,False
117,Product_117,11810.48,1503.8000000000002,False
118,Product_118,17846.260000000002,1830.0100000000002,False
119,Product_119,16194.140000000001,-1674.4499999999998,False
120,Product_120,11485.33,-1948.0899999999997,False
121,Product_121,6670.54,-479.73000000000013,False
122,Product_122,14892.45,2842.7,False
123,Product_123,14165.28,2964.17,False
124,Product_124,4960.99,-1395.92,False
125,Product_125,8977.83,3578.3700000000003,False
126,Product_126,15608.29,3257.88,False
127,Product_127,18507.78,34.940000000000055,False
128,Product_128,17352.03,1131.4600000000003,False
129,Product_129,6890.77,1190.66,False
130,Product_130,11274.22,2751.18,False
131,Product_131,22701.31,257.85000000000014,False
132,Product_132,24811.489999999998,968.5400000000001,False
133,Product_133,28106.18,359.3800000000001,False
134,Product_134,21078.74,-2139.43,False
135,Product_135,1938.6200000000001,-329.22999999999996,False
136,Product_136,27723.170000000002,3505.18,False
137,Product_137,20453.05,3586.3499999999995,False
138,Product_138,8883.72,818.3099999999997,False
139,Product_139,9731.46,-2495.69,False
140,Product_140,31643.15,432.8299999999999,False
141,Product_141,4540.08,-1368.7399999999998,False
142,Product_142,12412.560000000001,-1894.62,False
143,Product_143,10938.75,1102.9299999999998,False
144,Product_144,10091.74,3183.11,False
145,Product_145,12823.64,-296.45000000000005,False
146,Product_146,17622.05,1608.2900000000002,False
147,Product_147,10054.26,553.6800000000001,False
148,Product_148,9561.63,3887.3099999999995,False
149,Product_149,6754.74,1551.6200000000001,False
150,Product_150,6457.74,2090.8999999999996,False
151,Product_151,5551.48,1803.3700000000001,False
152,Product_152,8695.83,1482.2600000000002,False
153,Product_153,9922.81,1990.85,False
154,Product_154,1852.06,-1778.6299999999999,False
155,Product_155,12666.02,-27.660000000000082,False
156,Product_156,12700.35,1533.21,False
157,Product_157,23879.14,1429.4099999999999,False
158,Product_158,21864.06,3159.29,False
159,Product_159,16505.81,-1036.0099999999998,False
160,Product_160,11774.02,-1.0299999999999727,False
161,Product_161,19760.31,466.68,False
162,Product_162,10408.14,-899.42,False
163,Product_163,5791.82,1726.4799999999998,False
164,Product_164,24911.05,1656.6200000000001,False
165,Product_165,9650.52,4385.42,False
166,Product_166,18160.63,-801.3,False
167,Product_167,12449.49,2862.5899999999997,False
168,Product_168,8099.97,-2389.72,False
169,Product_169,9348.35,918.52,False
170,Product_170,7796.15,74.01000000000022,False
171,Product_171,18750.86,2825.47,False
172,Product_172,5302.0,2026.1499999999996,False
173,Product_173,14570.81,1894.7800000000002,False
174,Product_174,4619.18,-539.9300000000001,False
175,Product_175,20716.78,721.79,False
176,Product_176,12235.01,1147.0600000000002,False
177,Product_177,10223.43,-931.56,False
178,Product_178,4717.7,-1313.8200000000002,False
179,Product_179,16088.73,2200.34,False
180,Product_180,4643.52,3082.47,False
181,Product_181,8722.470000000001,-1081.1399999999999,False
182,Product_182,21092.85,-67.8599999999999,False
183,Product_183,5923.48,128.99,False
184,Product_184,16702.83,1623.88,False
185,Product_185,16678.13,2594.9,False
186,Product_186,6849.3099999999995,58.710000000000036,False
187,Product_187,9781.6,-1752.6799999999998,False
188,Product_188,11372.37,2444.7599999999998,False
189,Product_189,23467.04,-45.950000000000045,False
190,Product_190,11510.099999999999,1865.7,False
191,Product_191,12457.38,-1627.2600000000002,False
192,Product_192,22466.36,-1145.15,False
193,Product_193,13677.560000000001,1772.8000000000002,False
194,Product_194,6575.200000000001,2072.55,False
195,Product_195,7386.15,1878.9500000000003,False
196,Product_196,7972.1,-954.3500000000001,False
197,Product_197,26483.39,1480.2599999999998,False
198,Product_198,9300.58,2247.1400000000003,False
199,Product_199,666.06,-1351.72,False
200,Product_200,3770.23,1194.3899999999999,False
201,Product_201,18675.11,813.5799999999999,False
202,Product_202,8079.82,-789.6200000000001,False
203,Product_203,10088.6,3584.2299999999996,False
204,Product_204,15268.73,2130.7099999999996,False
205,Product_205,4690.98,-1880.06,False
206,Product_206,2959.21,2290.7400000000002,False
207,Product_207,16512.829999999998,-987.9100000000003,False
208,Product_208,6887.87,934.9399999999998,False
209,Product_209,14115.66,2998.75,False
210,Product_210,12963.68,1726.9099999999999,False
211,Product_211,10359.710000000001,3495.9500000000003,False
212,Product_212,23666.809999999998,242.73000000000002,False
213,Product_213,8803.08,2163.4300000000003,False
214,Product_214,11401.95,-1127.52,False
215,Product_215,14492.93,1659.9700000000003,False
216,Product_216,6145.55,100.36000000000001,False
217,Product_217,7534.16,3682.9999999999995,False
218,Product_218,21732.27,1689.77,False
219,Product_219,28229.07,-639.27,False
220,Product_220,5567.23,-1669.15,False
221,Product_221,8906.27,1948.2999999999997,False
222,Product_222,10083.279999999999,-99.42000000000007,False
223,Product_223,6814.05,-2155.2200000000003,False
224,Product_224,14104.97,-465.34999999999997,False
225,Product_225,5260.030000000001,-1877.4300000000003,False
226,Product_226,14602.81,2557.8599999999997,False
227,Product_227,19180.21,810.29,False
228,Product_228,9879.19,-203.26999999999998,False
229,Product_229,9788.8,585.76,False
230,Product_230,19492.77,1276.52,False
231,Product_231,25585.54,-1038.5800000000002,False
232,Product_232,6384.38,872.3499999999999,False
233,Product_233,11581.99,-806.4200000000001,False
234,Product_234,26816.93,-733.8499999999999,False
235,Product_235,978.18,-1679.6100000000001,False
236,Product_236,22698.88,425.97999999999996,False
237,Product_237,27799.23,702.24,False
238,Product_238,18651.66,-124.53999999999996,False
239,Product_239,14405.029999999999,3418.0099999999998,False
240,Product_240,28096.48,3759.05,False
241,Product_241,3914.08,159.8599999999999,False
242,Product_242,3329.21,-315.8299999999999,False
243,Product_243,20659.550000000003,72.50999999999976,False
244,Product_244,19702.24,3220.0600000000004,False
245,Product_245,1878.54,-172.99000000000024,False
246,Product_246,3752.09,-710.2099999999999,False
247,Product_247,12803.86,2298.91,False
248,Product_248,15857.62,1297.74,False
249,Product_249,18166.48,-495.97,False
250,Product_250,10708.130000000001,3048.59,False
251,Product_251,10149.8,-508.7099999999999,False
252,Product_252,21470.73,-2409.48,False
253,Product_253,17049.62,-752.4,False
254,Product_254,15293.25,4077.8599999999997,False
255,Product_255,23304.46,1101.53,False
256,Product_256,13407.8,3400.21,False
257,Product_257,3912.97,-1711.45,False
258,Product_258,12984.19,-17.5,False
259,Product_259,9640.1,-462.1700000000001,False
260,Product_260,12320.220000000001,2875.98,False
261,Product_261,12636.46,2827.15,False
262,Product_262,21675.74,1405.1600000000003,False
263,Product_263,23296.52,2576.35,False
264,Product_264,7648.98,-2008.7399999999998,False
265,Product_265,12171.99,1366.3200000000002,False
266,Product_266,6153.73,864.53,False
267,Product_267,9535.02,2501.8199999999997,False
268,Product_268,8622.82,855.77,False
269,Product_269,7774.75,3196.8,False
270,Product_270,3795.26,1555.5200000000004,False
271,Product_271,12169.380000000001,-673.9000000000001,False
272,Product_272,7590.120000000001,-137.0,False
273,Product_273,8318.460000000001,-59.14999999999998,False
274,Product_274,11397.01,2273.4500000000003,False
275,Product_275,8125.25,362.3799999999999,False
276,Product_276,7974.540000000001,771.3300000000002,False
277,Product_277,4206.9400000000005,1059.58,False
278,Product_278,22495.48,812.52,False
279,Product_279,9965.69,-463.42999999999984,False
280,Product_280,16684.56,-869.1300000000001,False
281,Product_281,7827.01,-617.5,False
282,Product_282,13434.94,1831.77,False
283,Product_283,13194.42,2797.4700000000003,False
284,Product_284,8585.67,441.2700000000001,False
285,Product_285,11967.779999999999,1690.5299999999997,False
286,Product_286,13682.52,1472.46,False
287,Product_287,19495.91,114.19000000000005,False
288,Product_288,4707.68,769.9000000000001,False
289,Product_289,11279.16,1895.8300000000002,False
290,Product_290,13721.65,1044.7600000000002,False
291,Product_291,4750.23,3501.0099999999993,False
292,Product_292,17592.0,-994.8499999999999,False
293,Product_293,11266.23,-1944.52,False
294,Product_294,4340.93,241.45999999999958,False
295,Product_295,12268.25,-1022.1800000000001,False
296,Product_296,12127.83,1560.7599999999998,False
297,Product_297,6503.66,397.23,False
298,Product_298,8178.19,566.1099999999997,False
299,Product_299,21132.74,-457.17999999999984,False
300,Product_300,12042.14,-197.68,False
301,Product_301,9518.62,2089.9700000000003,False
302,Product_302,14700.72,942.3200000000002,False
303,Product_303,23649.71,478.82000000000005,False
304,Product_304,7375.04,924.5000000000002,False
305,Product_305,11130.8,136.86000000000013,False
306,Product_306,14914.21,2894.09,False
307,Product_307,12153.22,1842.6899999999996,False
308,Product_308,20661.07,-1583.6000000000001,False
309,Product_309,27604.18,393.6600000000003,False
310,Product_310,13642.97,1541.63,False
311,Product_311,10480.6,628.53,False
312,Product_312,13302.44,-1282.71,False
313,Product_313,6397.860000000001,-498.9499999999998,False
314,Product_314,3314.01,1987.2800000000002,False
315,Product_315,12023.09,1479.07,False
316,Product_316,15886.76,-763.54,False
317,Product_317,10641.62,-719.5499999999997,False
318,Product_318,16747.01,2086.6,False
319,Product_319,9833.529999999999,-285.95,False
320,Product_320,1896.96,982.09,False
321,Product_321,18403.01,2437.75,False
322,Product_322,10101.22,1937.21,False
323,Product_323,12734.3,278.1400000000001,False
324,Product_324,13218.67,381.1399999999999,False
325,Product_325,5300.44,2044.3599999999997,False
326,Product_326,14380.25,3914.16,False
327,Product_327,14225.36,3419.3,False
328,Product_328,14609.55,-894.6899999999998,False
329,Product_329,11068.7,1199.5699999999997,False
330,Product_330,16623.84,2658.56,False
331,Product_331,11266.67,-387.14,False
332,Product_332,13008.2,3471.83,False
333,Product_333,20072.379999999997,752.4299999999998,False
334,Product_334,15138.900000000001,-162.92000000000007,False
335,Product_335,8332.46,2709.41,False
336,Product_336,12238.54,3876.2700000000004,False
337,Product_337,6222.6900000000005,2652.49,False
338,Product_338,26581.38,3833.29,False
340,Product_340,29719.07,1054.23,False
341,Product_341,2450.85,-2557.9900000000002,False
342,Product_342,3716.59,1099.7600000000002,False
343,Product_343,16633.13,1449.08,False
344,Product_344,7548.460000000001,1527.1100000000001,False
345,Product_345,23472.61,2270.8399999999997,False
346,Product_346,26123.55,212.96000000000004,False
347,Product_347,7876.52,784.17,False
348,Product_348,8683.890000000001,-1256.2800000000002,False
349,Product_349,11480.130000000001,2524.23,False
350,Product_350,21257.63,1845.88,False
351,Product_351,12795.49,1367.9299999999998,False
352,Product_352,8890.23,-534.1099999999999,False
353,Product_353,15535.27,3916.96,False
354,Product_354,11448.45,2355.07,False
355,Product_355,13326.72,123.53999999999996,False
356,Product_356,10877.83,-1489.97,False
357,Product_357,17900.21,2118.11,False
358,Product_358,28270.8,1077.9,False
359,Product_359,16235.92,1797.96,False
360,Product_360,12927.310000000001,180.54000000000002,False
361,Product_361,9884.97,-1118.8600000000001,False
362,Product_362,9485.93,-1850.9199999999998,False
363,Product_363,12887.41,344.09000000000015,False
364,Product_364,10647.029999999999,-1729.98,False
365,Product_365,13895.589999999998,3352.3399999999997,False
366,Product_366,19335.5,2065.48,False
367,Product_367,17564.06,410.8699999999999,False
368,Product_368,10054.18,1307.75,False
369,Product_369,15127.380000000001,-404.03999999999996,False
370,Product_370,16224.72,-1028.82,False
371,Product_371,12071.4,3358.33,False
372,Product_372,2739.95,-1031.7,False
373,Product_373,10262.83,75.63999999999987,False
374,Product_374,18218.34,-2283.77,False
375,Product_375,14303.15,-2237.68,False
376,Product_376,11470.75,1671.0300000000002,False
377,Product_377,14993.18,2890.6099999999997,False
378,Product_378,8522.54,-1107.69,False
379,Product_379,10569.18,-1114.55,False
380,Product_380,15810.330000000002,1328.89,False
381,Product_381,8839.51,4674.99,False
382,Product_382,16720.55,1720.3000000000002,False
383,Product_383,11147.210000000001,-593.94,False
384,Product_384,13389.23,-192.52999999999997,False
385,Product_385,11477.470000000001,-371.43999999999994,False
386,Product_386,5809.89,793.9200000000001,False
387,Product_387,14635.81,642.1700000000001,False
388,Product_388,6368.3,3163.06,False
389,Product_389,10812.679999999998,203.79999999999995,False
390,Product_390,22843.52,-86.89999999999986,False
391,Product_391,12006.89,4062.16,False
392,Product_392,10554.93,850.5799999999999,False
393,Product_393,11560.24,-1780.07,False
394,Product_394,5429.83,4064.79,False
395,Product_395,9375.630000000001,1058.9400000000003,False
396,Product_396,24804.89,1266.37,False
397,Product_397,7191.289999999999,1228.95,False
398,Product_398,35592.16,1480.29,True
399,Product_399,16504.47,3204.46,False
400,Product_400,12683.380000000001,2299.19,False
401,Product_401,2786.11,-1987.87,False
402,Product_402,9542.29,1512.23,False
403,Product_403,9252.98,-911.0900000000001,False
404,Product_404,6732.8,1368.0300000000002,False
405,Product_405,19724.8,767.79,False
406,Product_406,17217.61,1351.14,False
407,Product_407,24531.260000000002,3524.0699999999997,False
408,Product_408,21347.79,-916.1000000000001,False
409,Product_409,10067.95,-1843.0900000000001,False
410,Product_410,11370.92,1205.0800000000004,False
411,Product_411,12214.49,208.32999999999993,False
413,Product_413,10489.54,3166.53,False
414,Product_414,16745.3,3549.89,False
415,Product_415,7022.54,1302.8200000000002,False
416,Product_416,14303.52,3530.3100000000004,False
417,Product_417,10925.95,3850.2599999999998,False
418,Product_418,10237.03,4152.71,False
419,Product_419,8535.92,-819.6,False
420,Product_420,18255.62,2397.89,False
421,Product_421,14082.27,-764.0000000000001,False
422,Product_422,6693.89,712.8299999999999,False
423,Product_423,14331.84,3081.73,False
424,Product_424,26652.98,2144.24,False
425,Product_425,16699.45,1056.9099999999999,False
426,Product_426,12264.279999999999,1222.92,False
427,Product_427,17282.41,3644.09,False
428,Product_428,31884.329999999998,500.9000000000001,False
429,Product_429,15305.15,1825.2400000000002,False
430,Product_430,16350.67,721.52,False
431,Product_431,21305.62,3093.15,False
432,Product_432,18733.09,-1287.28,False
433,Product_433,3560.13,1696.3300000000002,False
434,Product_434,9714.66,1355.9199999999998,False
435,Product_435,13132.529999999999,783.4999999999999,False
436,Product_436,11722.48,511.6500000000001,False
437,Product_437,23036.829999999998,-155.3699999999999,False
438,Product_438,15216.45,2657.42,False
439,Product_439,10881.41,-713.6399999999999,False
440,Product_440,11652.48,1164.7799999999997,False
441,Product_441,20098.239999999998,-1486.01,False
442,Product_442,5625.2699999999995,526.4699999999998,False
443,Product_443,13362.59,3519.29,False
444,Product_444,9053.54,396.09000000000003,False
445,Product_445,12598.9,509.53999999999996,False
446,Product_446,33923.54,1813.67,False
447,Product_447,19198.260000000002,2576.67,False
448,Product_448,17502.23,3519.91,False
449,Product_449,23683.72,828.3599999999997,False
450,Product_450,8884.94,1597.8000000000002,False
451,Product_451,13505.28,3146.52,False
452,Product_452,8679.42,3.099999999999909,False
453,Product_453,4727.49,3402.2799999999997,False
454,Product_454,12373.07,1723.0900000000001,False
455,Product_455,10415.67,2749.46,False
456,Product_456,5578.77,139.09000000000015,False
457,Product_457,21479.81,1883.37,False
458,Product_458,1780.31,1289.42,False
459,Product_459,18770.28,2524.3,False
460,Product_460,19402.48,1058.91,False
461,Product_461,10495.79,3241.4799999999996,False
462,Product_462,13900.6,247.63999999999987,False
463,Product_463,7970.700000000001,-853.9499999999999,False
464,Product_464,29586.93,3097.9700000000003,False
465,Product_465,5524.84,2291.12,False
466,Product_466,18561.93,2839.5,False
467,Product_467,11087.810000000001,205.09000000000003,False
468,Product_468,6468.75,1769.8999999999999,False
469,Product_469,5786.93,2957.41,False
470,Product_470,9943.699999999999,3814.7999999999997,False
471,Product_471,2476.75,929.8599999999999,False
472,Product_472,12471.66,3113.32,False
473,Product_473,12990.25,2478.2000000000003,False
474,Product_474,19366.78,3061.34,False
475,Product_475,6543.45,1339.75,False
476,Product_476,12333.6,1473.31,False
477,Product_477,14188.95,1016.6600000000001,False
478,Product_478,2912.62,-1039.71,False
479,Product_479,13508.05,3078.79,False
480,Product_480,4711.16,1513.37,False
481,Product_481,4331.93,-510.3399999999999,False
482,Product_482,10671.41,-780.7599999999998,False
483,Product_483,13090.16,3657.03,False
484,Product_484,2876.63,-984.73,False
485,Product_485,7882.4400000000005,-441.0999999999999,False
486,Product_486,8762.08,-687.98,False
487,Product_487,16432.739999999998,2558.7,False
488,Product_488,19122.6,-1076.2,False
489,Product_489,10346.47,281.18000000000006,False
490,Product_490,18396.31,587.6800000000003,False
491,Product_491,8724.449999999999,-671.0700000000002,False
492,Product_492,3412.12,-552.4600000000003,False
493,Product_493,24507.350000000002,-702.3100000000002,False
494,Product_494,27372.26,3160.8,False
495,Product_495,15998.81,1680.1999999999998,False
496,Product_496,2479.5,-1725.62,False
497,Product_497,13892.76,1968.62,False
498,Product_498,4682.15,-681.9899999999999,False
499,Product_499,10498.84,1869.07,False
500,Product_500,6252.34,-22.34999999999991,False
501,Product_501,9264.52,1009.3699999999999,False
502,Product_502,34107.76,1814.25,False
503,Product_503,17629.58,2820.08,False
504,Product_504,12861.16,2397.1000000000004,False
505,Product_505,7309.47,-794.64,False
506,Product_506,23921.329999999998,1536.5499999999997,False
507,Product_507,6315.35,-1128.1499999999999,False
508,Product_508,11674.5,3041.32,False
509,Product_509,12872.460000000001,-112.5,False
510,Product_510,20745.0,1379.4399999999996,False
511,Product_511,8573.449999999999,609.42,False
512,Product_512,15661.98,862.9700000000001,False
513,Product_513,20466.51,1491.96,False
514,Product_514,6604.71,320.25,False
515,Product_515,14716.47,3062.7,False
516,Product_516,8904.67,3257.5199999999995,False
517,Product_517,19503.98,-486.8699999999999,False
518,Product_518,5636.55,698.22,False
519,Product_519,9425.849999999999,3312.5499999999997,False
520,Product_520,4700.030000000001,2000.5900000000006,False
521,Product_521,8856.66,2215.7400000000002,False
522,Product_522,10632.3,2333.62,False
523,Product_523,10609.07,1365.8600000000001,False
524,Product_524,10400.89,1769.98,False
525,Product_525,7972.76,2615.92,False
526,Product_526,12817.18,-989.1099999999999,False
527,Product_527,11518.58,1313.3199999999997,False
528,Product_528,18693.66,439.05999999999995,False
529,Product_529,10244.0,-2036.54,False
530,Product_530,9538.15,2307.56,False
531,Product_531,12123.51,-82.86000000000013,False
532,Product_532,9039.49,2506.9499999999994,False
533,Product_533,28134.07,646.4199999999998,False
534,Product_534,13444.54,-124.17999999999995,False
535,Product_535,6593.83,2048.25,False
536,Product_536,10798.34,687.71,False
537,Product_537,11405.69,2029.65,False
538,Product_538,11839.539999999999,-1341.33,False
539,Product_539,9034.01,-1535.89,False
540,Product_540,15942.789999999999,1131.0099999999998,False
541,Product_541,11157.71,214.42000000000002,False
542,Product_542,2461.37,2133.2799999999997,False
543,Product_543,13103.119999999999,-255.5999999999999,False
544,Product_544,19778.84,1073.19,False
545,Product_545,20894.5,402.1700000000001,False
546,Product_546,15120.67,1853.15,False
547,Product_547,24419.55,1207.7999999999997,False
548,Product_548,7536.18,215.32000000000005,False
549,Product_549,13117.56,-1203.28,False
550,Product_550,12490.7,230.97000000000003,False
551,Product_551,19437.37,987.6199999999999,False
552,Product_552,5448.32,2705.4800000000005,False
553,Product_553,9826.869999999999,1280.86,False
554,Product_554,20919.95,-1889.33,False
555,Product_555,13346.02,2247.28,False
556,Product_556,21326.79,1777.4699999999998,False
557,Product_557,14540.34,1763.1499999999999,False
558,Product_558,13547.8,109.44999999999982,False
559,Product_559,17666.71,3766.6900000000005,False
560,Product_560,5497.620000000001,684.5000000000002,False
561,Product_561,4670.3,-449.97999999999996,False
562,Product_562,5414.77,1564.48,False
563,Product_563,12595.630000000001,1921.5,False
564,Product_564,4809.39,-89.47000000000003,False
565,Product_565,15853.26,2171.9,False
566,Product_566,15354.74,1285.85,False
567,Product_567,10832.32,1211.92,False
568,Product_568,8986.630000000001,-595.0100000000002,False
569,Product_569,12461.66,3651.4,False
570,Product_570,4226.85,1541.61,False
571,Product_571,12068.25,3099.59,False
573,Product_573,8148.48,1054.1799999999998,False
574,Product_574,18511.74,1011.4199999999996,False
575,Product_575,10830.869999999999,4303.49,False
576,Product_576,5091.0599999999995,-1333.52,False
577,Product_577,18573.44,2366.9399999999996,False
578,Product_578,6746.67,-1328.28,False
579,Product_579,7246.39,-605.1600000000001,False
580,Product_580,14255.79,1890.7199999999998,False
581,Product_581,9752.53,2633.2400000000002,False
582,Product_582,10685.84,1504.58,False
583,Product_583,10599.72,541.6099999999999,False
584,Product_584,10060.63,349.5799999999999,False
585,Product_585,26077.84,1831.07,False
586,Product_586,19231.15,4200.900000000001,False
587,Product_587,26566.57,1124.73,False
588,Product_588,9767.92,-1079.68,False
589,Product_589,14662.48,-2141.99,False
590,Product_590,1786.2199999999998,-163.6500000000001,False
591,Product_591,9092.4,920.0200000000001,False
592,Product_592,9641.48,1124.39,False
593,Product_593,8973.23,943.09,False
594,Product_594,12721.43,972.0700000000002,False
595,Product_595,15409.83,2119.16,False
596,Product_596,14144.52,891.0999999999999,False
597,Product_597,23925.43,1061.0100000000002,False
598,Product_598,21868.91,-1319.35,False
599,Product_599,10594.77,2306.29,False
600,Product_600,24851.36,2997.2800000000007,False
601,Product_601,3287.67,-1740.3899999999999,False
602,Product_602,4965.4,2304.2000000000003,False
603,Product_603,14758.39,324.8899999999999,False
604,Product_604,13353.34,190.82000000000005,False
605,Product_605,22148.050000000003,231.1500000000001,False
606,Product_606,8964.51,-1251.81,False
607,Product_607,4088.04,2368.05,False
608,Product_608,6125.1900000000005,-579.8599999999999,False
609,Product_609,10126.22,2510.0099999999998,False
610,Product_610,19157.72,2368.5099999999998,False
611,Product_611,3072.1,2227.0299999999997,False
612,Product_612,6062.44,-533.6300000000001,False
613,Product_613,12116.74,-613.3299999999999,False
614,Product_614,7657.32,842.8499999999999,False
615,Product_615,7455.209999999999,-452.1200000000001,False
616,Product_616,6995.210000000001,-564.45,False
617,Product_617,34133.97,4790.59,True
618,Product_618,16917.43,1226.73,False
619,Product_619,7842.29,-669.1799999999998,False
620,Product_620,15894.02,1605.02,False
621,Product_621,1069.6599999999999,-1798.6599999999999,False
622,Product_622,29625.65,1889.4400000000005,False
623,Product_623,12455.63,-2411.52,False
624,Product_624,5217.11,422.9100000000001,False
625,Product_625,24667.34,-643.25,False
626,Product_626,9061.34,-1277.0900000000001,False
627,Product_627,23086.4,-953.9200000000001,False
628,Product_628,9997.7,-1294.99,False
629,Product_629,13487.43,-951.1399999999999,False
630,Product_630,13804.08,13.510000000000218,False
631,Product_631,5855.41,-189.85000000000002,False
632,Product_632,15642.76,-576.5799999999999,False
633,Product_633,7467.49,3102.85,False
634,Product_634,13434.21,2225.1499999999996,False
635,Product_635,16705.19,2713.67,False
636,Product_636,7567.55,-143.49000000000024,False
637,Product_637,20385.5,4016.01,False
638,Product_638,19530.07,2918.3900000000003,False
639,Product_639,22682.48,1436.83,False
640,Product_640,18375.68,648.6800000000001,False
641,Product_641,24029.06,3588.8100000000004,False
642,Product_642,12540.46,-2341.37,False
643,Product_643,19693.99,1449.97,False
644,Product_644,8450.19,1948.92,False
645,Product_645,10000.650000000001,4337.6,False
646,Product_646,17195.06,4439.099999999999,False
647,Product_647,13529.77,1433.0,False
648,Product_648,23178.62,542.02,False
649,Product_649,19562.59,1714.75,False
650,Product_650,18679.19,-1634.7299999999998,False
651,Product_651,5331.4400000000005,583.2300000000001,False
652,Product_652,8269.369999999999,-1117.9799999999998,False
653,Product_653,11088.81,-1644.0299999999997,False
654,Product_654,17104.67,18.039999999999964,False
655,Product_655,26715.670000000002,-742.85,False
656,Product_656,7336.46,-121.51999999999998,False
657,Product_657,7415.93,-1053.49,False
658,Product_658,6318.24,3682.31,False
659,Product_659,10267.18,686.0899999999999,False
660,Product_660,4082.9300000000003,35.35999999999996,False
661,Product_661,2745.93,102.55999999999995,False
662,Product_662,19951.17,1479.1600000000003,False
663,Product_663,15322.29,-226.64999999999998,False
664,Product_664,4732.44,1820.62,False
665,Product_665,16058.84,-455.96000000000004,False
666,Product_666,11532.26,792.8299999999999,False
668,Product_668,14648.67,-2429.0499999999997,False
669,Product_669,8590.5,-1590.2599999999998,False
670,Product_670,19653.42,4415.900000000001,False
671,Product_671,14693.3,3036.7400000000002,False
672,Product_672,9856.04,65.79999999999998,False
673,Product_673,21781.15,2557.71,False
674,Product_674,16316.43,-1400.73,False
675,Product_675,4170.1,443.73,False
676,Product_676,19359.93,-206.92000000000007,False
677,Product_677,17291.62,1117.4500000000003,False
678,Product_678,5472.97,-835.02,False
679,Product_679,7991.65,462.8,False
680,Product_680,12617.66,-488.15999999999985,False
681,Product_681,2962.13,1173.69,False
682,Product_682,14358.15,3074.99,False
683,Product_683,8839.76,-637.5600000000001,False
684,Product_684,5475.33,985.14,False
685,Product_685,13197.220000000001,4607.259999999999,False
686,Product_686,10405.66,770.5600000000001,False
687,Product_687,13371.89,638.1799999999998,False
688,Product_688,14858.82,667.28,False
689,Product_689,6175.9,273.9699999999999,False
690,Product_690,11977.36,-544.12,False
691,Product_691,6350.38,-735.4199999999998,False
692,Product_692,3691.61,1484.58,False
693,Product_693,8781.19,-470.0899999999999,False
694,Product_694,10575.3,-117.34999999999991,False
695,Product_695,12581.42,2910.2299999999996,False
696,Product_696,1036.52,-652.4100000000001,False
697,Product_697,15865.61,3249.0299999999997,False
698,Product_698,2856.96,-1161.8600000000001,False
699,Product_699,12052.91,-1506.74,False
700,Product_700,5159.209999999999,-2041.7000000000003,False
701,Product_701,25628.329999999998,594.5900000000001,False
702,Product_702,19596.54,1441.72,False
703,Product_703,10165.33,-434.23,False
704,Product_704,11240.29,1626.54,False
705,Product_705,9024.65,3397.58,False
706,Product_706,4766.52,50.200000000000045,False
707,Product_707,12867.76,2405.32,False
708,Product_708,8034.290000000001,2926.61,False
709,Product_709,20711.0,-381.8900000000001,False
710,Product_710,6838.389999999999,2055.17,False
711,Product_711,9394.49,980.22,False
712,Product_712,4705.54,2279.41,False
713,Product_713,14998.4,1748.8,False
714,Product_714,14829.07,648.71,False
715,Product_715,24854.12,2456.7700000000004,False
716,Product_716,6640.51,1293.36,False
717,Product_717,14163.320000000002,2329.85,False
718,Product_718,10901.56,2778.36,False
719,Product_719,17530.12,27.769999999999982,False
720,Product_720,31970.510000000002,350.9300000000003,False
721,Product_721,7116.17,1293.38,False
722,Product_722,2827.74,2656.2599999999998,False
723,Product_723,11792.800000000001,3167.7100000000005,False
724,Product_724,8545.04,-0.3999999999998636,False
725,Product_725,16852.190000000002,-1074.9599999999998,False
726,Product_726,14480.439999999999,1299.1399999999999,False
727,Product_727,18751.059999999998,-1501.0900000000001,False
728,Product_728,30860.14,324.22,False
729,Product_729,16649.84,1378.72,False
730,Product_730,13474.77,2576.55,False
731,Product_731,13064.41,2038.3400000000001,False
732,Product_732,16519.54,1802.6399999999999,False
733,Product_733,18243.84,1955.7600000000002,False
734,Product_734,6296.34,345.39999999999986,False
735,Product_735,7702.67,-704.9299999999998,False
736,Product_736,12267.52,-222.3499999999999,False
737,Product_737,16736.21,936.0900000000001,False
738,Product_738,8871.73,500.6300000000001,False
739,Product_739,8345.55,1054.2800000000002,False
740,Product_740,25058.43,2420.7,False
741,Product_741,10151.75,-816.25,False
742,Product_742,3840.6400000000003,812.9799999999999,False
743,Product_743,15728.01,3039.2200000000003,False
744,Product_744,19551.690000000002,1319.7600000000002,False
745,Product_745,11146.11,169.88,False
746,Product_746,26748.68,2388.9300000000003,False
747,Product_747,21416.86,2242.22,False
748,Product_748,13257.77,1176.4899999999998,False
749,Product_749,8452.99,-1968.22,False
750,Product_750,7973.93,31.320000000000164,False
751,Product_751,13628.2,-611.76,False
752,Product_752,14489.12,1203.9300000000003,False
753,Product_753,15847.23,1154.92,False
754,Product_754,19686.13,1061.0900000000001,False
755,Product_755,9715.97,-1897.0600000000002,False
756,Product_756,17837.89,3405.0600000000004,False
757,Product_757,17316.18,526.3699999999999,False
758,Product_758,18366.88,3564.3,False
759,Product_759,17183.61,-1711.4700000000003,False
760,Product_760,15188.18,657.9099999999999,False
761,Product_761,11616.64,4769.0,False
762,Product_762,16261.55,1905.97,False
763,Product_763,7730.13,-2053.66,False
764,Product_764,26284.59,170.06999999999994,False
765,Product_765,7298.290000000001,-492.18000000000006,False
766,Product_766,6739.27,134.29999999999973,False
767,Product_767,13309.54,-884.6500000000001,False
768,Product_768,9281.86,-2366.2200000000003,False
769,Product_769,21495.65,804.8199999999997,False
770,Product_770,33576.66,590.7799999999997,False
771,Product_771,8857.77,593.6199999999999,False
772,Product_772,26407.7,3275.03,False
773,Product_773,19662.379999999997,-478.3899999999999,False
774,Product_774,7737.4400000000005,3623.2700000000004,False
775,Product_775,2952.7599999999998,79.39999999999986,False
776,Product_776,13210.43,44.590000000000146,False
777,Product_777,8793.04,1228.77,False
778,Product_778,3597.92,-1119.7600000000002,False
779,Product_779,20225.23,-177.61000000000013,False
780,Product_780,8295.11,911.69,False
781,Product_781,1552.97,-174.42000000000007,False
782,Product_782,14541.69,324.85000000000014,False
783,Product_783,4006.6000000000004,2555.62,False
784,Product_784,29841.82,2051.66,False
785,Product_785,10548.76,547.3,False
786,Product_786,30412.35,1128.7599999999998,False
787,Product_787,1924.33,1617.8999999999999,False
788,Product_788,16034.75,1812.1799999999998,False
789,Product_789,13643.52,1775.2200000000003,False
790,Product_790,32157.78,2529.43,False
791,Product_791,4380.26,783.7700000000002,False
792,Product_792,17724.78,4021.28,False
793,Product_793,13505.8,-2314.2599999999998,False
794,Product_794,26720.63,-61.73000000000002,False
795,Product_795,25621.28,3096.47,False
796,Product_796,2221.0699999999997,1114.92,False
797,Product_797,17037.57,-1947.2500000000002,False
798,Product_798,7930.05,1345.8100000000004,False
799,Product_799,5026.14,-562.1800000000001,False
800,Product_800,8488.66,-524.3400000000001,False
801,Product_801,9030.01,1013.7399999999998,False
802,Product_802,7914.9800000000005,-2099.1800000000003,False
803,Product_803,6290.84,3139.45,False
804,Product_804,17489.0,-500.3699999999999,False
805,Product_805,25330.12,40.24000000000001,False
806,Product_806,11960.64,3023.51,False
807,Product_807,17532.6,-1063.3799999999999,False
808,Product_808,35864.71,2319.1500000000005,True
809,Product_809,18082.04,4047.77,False
810,Product_810,12434.289999999999,3815.0299999999997,False
811,Product_811,30887.85,696.51,False
812,Product_812,9606.26,-375.97,False
813,Product_813,15935.75,1490.27,False
814,Product_814,12662.63,-642.5,False
815,Product_815,15776.49,-198.92000000000007,False
816,Product_816,15851.17,1209.7399999999998,False
817,Product_817,14485.73,612.4000000000001,False
818,Product_818,8924.41,1140.05,False
819,Product_819,3218.76,2654.61,False
820,Product_820,10513.710000000001,-1227.71,False
821,Product_821,13160.6,2929.0899999999997,False
822,Product_822,8531.31,2522.44,False
823,Product_823,4720.99,17.960000000000036,False
824,Product_824,17337.54,3473.9300000000003,False
825,Product_825,15763.220000000001,-143.09000000000015,False
826,Product_826,16431.43,2240.84,False
828,Product_828,6365.200000000001,-132.76999999999998,False
829,Product_829,7323.52,1067.6,False
830,Product_830,9822.84,-412.81000000000006,False
831,Product_831,14095.03,3818.59,False
832,Product_832,12625.91,-2082.8599999999997,False
833,Product_833,26796.79,2618.51,False
834,Product_834,4993.84,3919.95,False
835,Product_835,4804.0199999999995,1662.3799999999999,False
836,Product_836,4298.4,213.8800000000001,False
837,Product_837,20128.68,1800.2200000000003,False
838,Product_838,3810.83,1592.23,False
839,Product_839,6890.64,206.44999999999982,False
840,Product_840,17611.56,1830.9,False
841,Product_841,12785.41,-959.6500000000001,False
842,Product_842,1417.16,675.95,False
843,Product_843,5544.25,500.3299999999999,False
844,Product_844,9528.91,1102.9999999999998,False
845,Product_845,15165.77,3814.8999999999996,False
846,Product_846,8391.95,-1407.39,False
847,Product_847,2992.0,-1360.79,False
848,Product_848,14243.55,894.0300000000002,False
849,Product_849,15752.970000000001,399.85000000000014,False
850,Product_850,16269.529999999999,894.51,False
851,Product_851,18134.55,-163.5300000000001,False
852,Product_852,9062.49,-31.539999999999964,False
853,Product_853,19513.45,3701.36,False
854,Product_854,17119.27,-650.1399999999999,False
855,Product_855,15023.34,2299.9399999999996,False
856,Product_856,10124.52,4094.95,False
857,Product_857,10011.71,-111.02999999999997,False
858,Product_858,9886.04,144.99000000000024,False
859,Product_859,10517.67,1305.0300000000002,False
860,Product_860,3422.7400000000002,-1583.67,False
861,Product_861,10305.81,1575.92,False
862,Product_862,18604.6,3341.66,False
863,Product_863,8467.63,480.59000000000015,False
864,Product_864,4662.889999999999,-1029.14,False
865,Product_865,385.92,-2228.27,False
866,Product_866,31838.4,4028.5600000000004,False
867,Product_867,20032.81,3736.2400000000002,False
868,Product_868,24743.510000000002,3106.05,False
869,Product_869,8942.97,1814.2499999999998,False
870,Product_870,6483.86,824.2599999999998,False
871,Product_871,10879.47,2365.51,False
872,Product_872,1259.32,-823.4799999999999,False
873,Product_873,18136.56,2039.4099999999999,False
874,Product_874,27381.58,977.3999999999999,False
875,Product_875,20945.15,4074.2299999999996,False
876,Product_876,9606.84,2814.5299999999997,False
877,Product_877,4958.42,2940.05,False
878,Product_878,7492.34,2843.3399999999997,False
879,Product_879,18785.14,-857.86,False
880,Product_880,6964.68,1366.1699999999998,False
881,Product_881,10181.810000000001,473.17,False
882,Product_882,8903.3,2955.8999999999996,False
883,Product_883,2354.02,-1222.93,False
884,Product_884,11276.01,306.9000000000001,False
885,Product_885,10041.29,-559.7699999999999,False
886,Product_886,12745.81,2873.4799999999996,False
887,Product_887,9090.68,1440.72,False
888,Product_888,23802.64,2426.7400000000002,False
889,Product_889,7408.67,-2687.8599999999997,False
890,Product_890,15987.11,3806.8999999999996,False
891,Product_891,6178.42,-1307.96,False
892,Product_892,6328.2699999999995,3927.2099999999996,False
893,Product_893,13680.369999999999,2575.49,False
894,Product_894,18416.18,2327.6299999999997,False
895,Product_895,2100.11,-258.6600000000001,False
896,Product_896,5968.82,2729.16,False
897,Product_897,23260.21,2473.7,False
898,Product_898,22152.81,176.2800000000002,False
899,Product_899,10222.490000000002,1625.9099999999999,False
900,Product_900,810.87,-194.17000000000002,False
901,Product_901,9702.34,2968.6,False
902,Product_902,5960.370000000001,133.42999999999995,False
903,Product_903,11057.02,-743.8899999999999,False
904,Product_904,11417.13,669.0999999999999,False
905,Product_905,7600.780000000001,2116.3,False
906,Product_906,4916.33,943.79,False
907,Product_907,19251.95,1382.42,False
908,Product_908,7002.8099999999995,2357.2,False
909,Product_909,7740.66,3152.16,False
910,Product_910,15670.400000000001,3043.38,False
911,Product_911,7489.59,-1989.71,False
912,Product_912,9538.42,1305.2400000000002,False
913,Product_913,11636.74,3313.3399999999997,False
914,Product_914,18847.68,2926.2299999999996,False
915,Product_915,16206.77,654.3800000000001,False
916,Product_916,11918.880000000001,1824.7,False
917,Product_917,8465.73,-337.09000000000015,False
918,Product_918,15024.17,652.2099999999996,False
919,Product_919,14822.24,2714.7400000000007,False
920,Product_920,6323.71,-636.3599999999999,False
921,Product_921,18422.41,1605.35,False
922,Product_922,13455.779999999999,302.78,False
923,Product_923,16274.51,2128.6900000000005,False
924,Product_924,11278.98,-121.01999999999998,False
925,Product_925,12234.48,3744.9400000000005,False
926,Product_926,24675.04,-912.8200000000002,False
927,Product_927,14293.93,3516.96,False
928,Product_928,5365.98,989.4100000000001,False
929,Product_929,1472.9,53.180000000000064,False
930,Product_930,10467.83,3344.42,False
931,Product_931,11032.94,1057.5399999999997,False
932,Product_932,3112.49,-1212.1100000000001,False
933,Product_933,14036.92,2007.3399999999997,False
934,Product_934,10158.58,-796.3699999999999,False
935,Product_935,3011.78,2537.53,False
936,Product_936,14206.33,1516.7199999999998,False
937,Product_937,11147.24,1137.0600000000002,False
938,Product_938,17174.41,2452.74,False
939,Product_939,17757.72,4425.59,False
940,Product_940,11515.55,1746.42,False
941,Product_941,1129.59,-826.59,False
942,Product_942,13060.45,2485.24,False
943,Product_943,23689.87,224.6600000000003,False
944,Product_944,13473.2,-91.94000000000005,False
946,Product_946,7546.92,2763.5299999999997,False
948,Product_948,8935.76,542.32,False
949,Product_949,1772.6,-865.53,False
950,Product_950,11563.93,2321.48,False
951,Product_951,10675.79,-360.90999999999985,False
952,Product_952,14966.08,2655.7599999999998,False
953,Product_953,6330.65,2151.95,False
954,Product_954,13525.779999999999,1130.3199999999997,False
955,Product_955,6567.29,-441.48,False
956,Product_956,5551.25,-2018.87,False
957,Product_957,15257.79,810.9000000000001,False
958,Product_958,12830.199999999999,1092.8199999999997,False
959,Product_959,11644.650000000001,-735.6600000000001,False
960,Product_960,8443.4,-503.48,False
961,Product_961,9045.529999999999,2781.12,False
962,Product_962,14906.439999999999,-810.52,False
963,Product_963,15436.609999999999,-2475.55,False
964,Product_964,12747.640000000001,956.79,False
965,Product_965,12344.759999999998,2415.0,False
966,Product_966,10231.29,-357.75,False
967,Product_967,15508.93,2366.9,False
968,Product_968,9718.02,2500.9799999999996,False
969,Product_969,8886.56,-1102.0800000000002,False
970,Product_970,16752.13,1988.67,False
971,Product_971,15045.78,1038.4500000000003,False
972,Product_972,10165.74,-208.3800000000001,False
973,Product_973,6731.299999999999,184.09,False
974,Product_974,8491.07,-455.0200000000002,False
975,Product_975,11410.75,3907.66,False
976,Product_976,32599.41,2107.54,False
977,Product_977,6887.24,1072.4700000000003,False
978,Product_978,23856.4,1192.0700000000002,False
979,Product_979,11210.380000000001,2238.46,False
980,Product_980,11223.24,2864.91,False
981,Product_981,18231.47,2858.49,False
982,Product_982,13506.56,2778.4300000000003,False
983,Product_983,18795.22,3345.6800000000003,False
984,Product_984,5732.34,-1395.98,False
985,Product_985,21836.76,2031.3000000000002,False
986,Product_986,8314.07,1199.7299999999998,False
987,Product_987,11901.69,716.9499999999998,False
988,Product_988,11232.17,-2278.0899999999997,False
989,Product_989,20574.91,655.6099999999999,False
990,Product_990,7039.0599999999995,1727.51,False
991,Product_991,25194.41,-891.2899999999997,False
992,Product_992,26642.04,2962.8100000000004,False
993,Product_993,865.84,-1374.0099999999998,False
994,Product_994,14527.199999999999,2995.2299999999996,False
995,Product_995,18609.02,2858.6400000000003,False
996,Product_996,9995.81,1588.63,False
997,Product_997,19939.370000000003,182.0999999999999,False
998,Product_998,25253.57,1830.5599999999997,False
999,Product_999,13585.369999999999,-535.01,False
1000,Product_1000,5726.25,983.04,False
1001,Product_1001,10600.28,3158.8100000000004,False
1002,Product_1002,8550.369999999999,-1161.4400000000003,False
1003,Product_1003,13832.61,3973.87,False
1004,Product_1004,10424.58,164.62999999999988,False
1005,Product_1005,11894.130000000001,3805.96,False
1006,Product_1006,13458.52,900.21,False
1007,Product_1007,15116.61,4689.05,False
1008,Product_1008,8829.04,3270.2799999999997,False
1009,Product_1009,10191.87,2110.6500000000005,False
1010,Product_1010,9845.15,1768.83,False
1012,Product_1012,10702.3,3213.5599999999995,False
1013,Product_1013,5204.37,849.47,False
1014,Product_1014,14008.27,995.44,False
1015,Product_1015,15608.73,2264.26,False
1016,Product_1016,18296.059999999998,2107.5299999999997,False
1017,Product_1017,23298.84,992.0700000000002,False
1018,Product_1018,13019.58,3844.08,False
1019,Product_1019,12766.61,3375.53,False
1020,Product_1020,16918.0,2480.19,False
1021,Product_1021,7345.25,-901.6899999999999,False
1022,Product_1022,124.13,-2830.65,False
1023,Product_1023,9411.93,2120.12,False
1024,Product_1024,14595.92,219.01999999999998,False
1025,Product_1025,15263.43,-1005.1100000000001,False
1026,Product_1026,11529.580000000002,-545.3400000000001,False
1027,Product_1027,15564.619999999999,1156.42,False
1028,Product_1028,8719.74,2273.0600000000004,False
1029,Product_1029,24594.79,2588.46,False
1030,Product_1030,18693.56,56.56999999999971,False
1031,Product_1031,19699.81,23.360000000000127,False
1032,Product_1032,12630.29,4478.17,False
1033,Product_1033,2714.45,2219.8999999999996,False
1034,Product_1034,15022.21,9.129999999999882,False
1035,Product_1035,11513.45,3585.84,False
1036,Product_1036,15450.44,4043.19,False
1037,Product_1037,12092.22,1803.28,False
1038,Product_1038,19982.36,-512.5699999999997,False
1039,Product_1039,12284.55,1866.4199999999996,False
1040,Product_1040,4059.3,-1705.37,False
1041,Product_1041,17831.55,1380.2099999999996,False
1042,Product_1042,14826.33,-108.80999999999995,False
1043,Product_1043,16146.17,623.6400000000003,False
1044,Product_1044,16227.6,617.1000000000001,False
1045,Product_1045,5039.17,888.2299999999998,False
1046,Product_1046,18543.09,4165.3,False
1047,Product_1047,11190.8,917.21,False
1048,Product_1048,16349.27,1538.91,False
1049,Product_1049,14112.57,-1866.2199999999998,False
1050,Product_1050,13662.900000000001,2266.96,False
1051,Product_1051,7376.29,2637.49,False
1052,Product_1052,15005.44,2473.76,False
1053,Product_1053,12597.31,-1239.1,False
1054,Product_1054,13508.72,3366.24,False
1055,Product_1055,28507.96,3473.63,False
1056,Product_1056,9233.81,1619.8499999999995,False
1057,Product_1057,6804.39,2434.36,False
1058,Product_1058,22517.36,2906.17,False
1059,Product_1059,18942.99,594.9900000000002,False
1060,Product_1060,1134.39,-864.1699999999998,False
1061,Product_1061,16396.8,2611.32,False
1062,Product_1062,7580.28,-902.2300000000002,False
1063,Product_1063,11501.22,3249.06,False
1064,Product_1064,19247.3,2514.7700000000004,False
1065,Product_1065,7901.2699999999995,4185.599999999999,False
1066,Product_1066,3496.89,1925.2199999999998,False
1067,Product_1067,9184.8,273.3000000000002,False
1068,Product_1068,5119.79,-1078.3900000000003,False
1069,Product_1069,24401.89,2191.69,False
1070,Product_1070,22591.68,3469.1200000000003,False
1071,Product_1071,3900.0699999999997,2510.56,False
1072,Product_1072,5733.38,324.6300000000001,False
1073,Product_1073,3169.44,1195.42,False
1074,Product_1074,13631.36,2749.16,False
1075,Product_1075,11629.609999999999,-2.880000000000109,False
1076,Product_1076,18226.52,1927.2,False
1077,Product_1077,10388.33,188.5699999999997,False
1078,Product_1078,25581.8,2742.1400000000003,False
1079,Product_1079,29813.120000000003,2853.76,False
1080,Product_1080,7336.39,3002.52,False
1081,Product_1081,24812.29,193.1500000000001,False
1082,Product_1082,3535.67,-1279.61,False
1083,Product_1083,14160.27,1491.06,False
1084,Product_1084,275.4,-1323.9900000000002,False
1085,Product_1085,9485.65,1235.4899999999998,False
1086,Product_1086,18583.170000000002,1923.0600000000004,False
1087,Product_1087,11327.85,687.3799999999999,False
1088,Product_1088,13639.4,4338.99,False
1089,Product_1089,23411.15,609.0900000000001,False
1090,Product_1090,5327.23,1455.1100000000001,False
1091,Product_1091,7551.639999999999,-2269.7200000000003,False
1092,Product_1092,5490.679999999999,2044.0799999999995,False
1093,Product_1093,9644.47,457.71999999999997,False
1094,Product_1094,13831.880000000001,3349.11,False
1095,Product_1095,14779.130000000001,149.98000000000002,False
1096,Product_1096,3256.78,1356.6700000000003,False
1097,Product_1097,6124.11,-2149.2799999999997,False
1098,Product_1098,5648.259999999999,3978.2099999999996,False
1099,Product_1099,17274.85,4460.28,False
1100,Product_1100,2520.21,-97.50000000000003,False
1101,Product_1101,18449.39,2882.1399999999994,False
1102,Product_1102,18588.75,1879.5100000000002,False
1103,Product_1103,6281.2,783.1700000000001,False
1104,Product_1104,9444.13,433.31999999999994,False
1105,Product_1105,10535.220000000001,-2147.84,False
1106,Product_1106,21922.34,3056.3199999999997,False
1107,Product_1107,12139.59,1010.6700000000001,False
1108,Product_1108,18097.48,2713.43,False
1109,Product_1109,22211.059999999998,2507.3999999999996,False
1110,Product_1110,6761.62,-1138.3,False
1111,Product_1111,12364.83,-932.78,False
1112,Product_1112,10875.16,-223.91000000000008,False
1113,Product_1113,25168.34,-649.4399999999998,False
1114,Product_1114,16075.39,-930.8499999999999,False
1115,Product_1115,12424.46,3216.71,False
1116,Product_1116,3707.78,2366.32,False
1117,Product_1117,16284.58,2404.2400000000002,False
1118,Product_1118,13220.57,-399.1899999999998,False
1119,Product_1119,5625.860000000001,-1520.5900000000001,False
1120,Product_1120,11289.35,2610.92,False
1121,Product_1121,11806.98,-1157.5100000000002,False
1122,Product_1122,16020.69,177.38,False
1123,Product_1123,15946.83,-894.4599999999999,False
1124,Product_1124,12650.64,1426.6100000000001,False
1125,Product_1125,12431.58,280.86,False
1126,Product_1126,5170.64,-379.2800000000001,False
1127,Product_1127,405.59,-2525.69,False
1128,Product_1128,5788.3,2465.09,False
1129,Product_1129,4727.38,-2096.11,False
1130,Product_1130,14400.869999999999,752.5999999999999,False
1131,Product_1131,6105.14,1156.0600000000002,False
1132,Product_1132,15188.529999999999,2886.75,False
1133,Product_1133,15110.150000000001,-319.3100000000002,False
1134,Product_1134,24485.17,1384.1,False
1135,Product_1135,19936.120000000003,2938.4900000000002,False
1136,Product_1136,8699.880000000001,1344.0300000000002,False
1137,Product_1137,7642.8,1117.7399999999998,False
1138,Product_1138,14913.49,9.850000000000023,False
1139,Product_1139,8468.43,-657.9200000000001,False
1140,Product_1140,19737.91,1332.73,False
1141,Product_1141,10762.539999999999,2888.4799999999996,False
1142,Product_1142,12335.82,1805.1999999999998,False
1143,Product_1143,11123.08,1602.7599999999998,False
1144,Product_1144,11089.85,2174.09,False
1145,Product_1145,6652.49,-1857.15,False
1146,Product_1146,14610.98,2945.9400000000005,False
1147,Product_1147,23999.19,4499.65,False
1148,Product_1148,18834.36,3603.3900000000003,False
1149,Product_1149,18359.07,141.32999999999993,False
1150,Product_1150,4288.67,1260.3600000000001,False
1151,Product_1151,22219.43,2471.84,False
1152,Product_1152,5816.62,1184.79,False
1153,Product_1153,7144.889999999999,860.53,False
1154,Product_1154,16332.26,1531.83,False
1155,Product_1155,12513.51,-233.77999999999997,False
1156,Product_1156,5009.24,844.1499999999999,False
1157,Product_1157,15603.95,3631.2400000000002,False
1158,Product_1158,6634.07,-85.11999999999989,False
1159,Product_1159,9706.25,2634.7300000000005,False
1160,Product_1160,12794.15,-1039.52,False
1161,Product_1161,9096.31,1936.1000000000001,False
1162,Product_1162,4670.41,1942.1800000000003,False
1163,Product_1163,13930.89,-194.89999999999998,False
1164,Product_1164,19812.08,2443.54,False
1165,Product_1165,23183.05,1969.3700000000003,False
1166,Product_1166,10405.71,288.73,False
1167,Product_1167,15346.099999999999,-276.88,False
1168,Product_1168,17291.86,1716.75,False
1169,Product_1169,13891.57,1898.4099999999999,False
1170,Product_1170,4934.64,2998.1200000000003,False
1171,Product_1171,12176.65,3358.8200000000006,False
1172,Product_1172,14267.3,-452.98,False
1173,Product_1173,17978.05,1185.0400000000002,False
1174,Product_1174,6361.34,72.61000000000001,False
1175,Product_1175,13814.89,-1421.6100000000001,False
1176,Product_1176,10762.78,997.64,False
1177,Product_1177,14244.41,-40.37999999999988,False
1178,Product_1178,7723.660000000001,540.4000000000001,False
1179,Product_1179,6014.6900000000005,990.8600000000001,False
1180,Product_1180,17626.28,1762.47,False
1181,Product_1181,15175.0,-642.1,False
1182,Product_1182,15892.830000000002,1533.06,False
1183,Product_1183,6681.37,3005.7,False
1184,Product_1184,28544.87,1731.12,False
1185,Product_1185,8895.61,1144.0900000000001,False
1186,Product_1186,13155.33,1433.0699999999997,False
1187,Product_1187,8748.39,3915.97,False
1188,Product_1188,5188.69,-575.8500000000001,False
1189,Product_1189,7751.99,487.7599999999999,False
1190,Product_1190,10745.89,-1445.3799999999999,False
1191,Product_1191,21598.19,2532.5699999999997,False
1192,Product_1192,13970.11,664.8000000000002,False
1193,Product_1193,10987.56,1298.27,False
1194,Product_1194,3356.86,-2657.6200000000003,False
1195,Product_1195,16482.42,2155.9799999999996,False
1196,Product_1196,16101.490000000002,3000.9700000000003,False
1197,Product_1197,13806.59,371.6500000000001,False
1198,Product_1198,10826.050000000001,-664.11,False
1199,Product_1199,9274.02,-1061.22,False
1200,Product_1200,25847.4,3451.1699999999996,False
1201,Product_1201,20364.83,1114.7800000000002,False
1202,Product_1202,11605.02,2495.91,False
1203,Product_1203,23193.2,232.05000000000018,False
1204,Product_1204,25190.66,3459.13,False
1205,Product_1205,15402.759999999998,-461.49,False
1206,Product_1206,6540.33,3534.56,False
1207,Product_1207,22185.61,926.8499999999999,False
1208,Product_1208,28642.56,3580.6100000000006,False
1209,Product_1209,12309.42,2214.9199999999996,False
1210,Product_1210,9117.89,-596.0500000000002,False
1211,Product_1211,14689.29,1526.3200000000002,False
1212,Product_1212,15465.54,-1900.1799999999998,False
1213,Product_1213,5050.16,1806.3000000000002,False
1214,Product_1214,8046.03,-104.19999999999999,False
1215,Product_1215,12390.36,885.15,False
1216,Product_1216,5746.41,-1736.42,False
1217,Product_1217,16191.48,3204.0,False
1218,Product_1218,23700.510000000002,3776.21,False
1219,Product_1219,4779.91,978.7200000000001,False
1220,Product_1220,12925.89,4390.429999999999,False
1221,Product_1221,13194.53,2902.02,False
1222,Product_1222,18679.82,1756.5,False
1223,Product_1223,12722.02,3836.21,False
1224,Product_1224,15704.09,789.9300000000001,False
1225,Product_1225,13647.03,-2270.46,False
1226,Product_1226,25591.42,2445.38,False
1227,Product_1227,7128.469999999999,-269.23,False
1228,Product_1228,10761.630000000001,852.3600000000001,False
1229,Product_1229,5040.41,-400.26,False
1230,Product_1230,6983.87,3860.9199999999996,False
1231,Product_1231,22284.61,424.96000000000004,False
1232,Product_1232,4224.63,143.92000000000007,False
1233,Product_1233,4831.89,-1273.9700000000003,False
1234,Product_1234,4812.54,-612.6499999999999,False
1235,Product_1235,12332.89,468.42999999999984,False
1236,Product_1236,11944.130000000001,-1939.8899999999999,False
1237,Product_1237,9098.89,2645.64,False
1238,Product_1238,12337.52,-298.6100000000001,False
1239,Product_1239,12230.67,-998.7699999999998,False
1240,Product_1240,7664.59,216.5200000000002,False
1241,Product_1241,23118.8,2445.98,False
1242,Product_1242,18337.47,926.6500000000001,False
1243,Product_1243,8762.48,2296.84,False
1244,Product_1244,14900.39,743.3100000000002,False
1245,Product_1245,16083.93,9.940000000000055,False
1246,Product_1246,18663.04,1635.7800000000002,False
1247,Product_1247,17907.41,1803.8600000000001,False
1248,Product_1248,11787.38,2106.2899999999995,False
1249,Product_1249,13707.48,2022.8999999999999,False
1250,Product_1250,7259.42,1352.5500000000002,False
1251,Product_1251,21410.26,664.9099999999999,False
1252,Product_1252,4571.68,1578.74,False
1253,Product_1253,8280.19,3535.4300000000003,False
1254,Product_1254,15510.66,172.08000000000004,False
1255,Product_1255,2129.46,-2410.86,False
1256,Product_1256,9468.91,40.63000000000011,False
1257,Product_1257,18507.04,423.3299999999999,False
1258,Product_1258,13060.369999999999,1295.72,False
1259,Product_1259,9173.88,3918.7899999999995,False
1260,Product_1260,8824.130000000001,4710.5599999999995,False
1261,Product_1261,10704.02,935.44,False
1262,Product_1262,11418.25,-296.3499999999999,False
1263,Product_1263,6589.79,2748.26,False
1264,Product_1264,25997.37,715.1800000000001,False
1265,Product_1265,15719.189999999999,-1105.2900000000002,False
1266,Product_1266,19238.68,4644.93,False
1267,Product_1267,8319.74,-1264.42,False
1268,Product_1268,4696.48,4265.2699999999995,False
1269,Product_1269,17577.18,3516.0,False
1270,Product_1270,17923.46,-1862.5899999999997,False
1271,Product_1271,9118.92,-890.0299999999997,False
1272,Product_1272,11078.029999999999,-1818.4,False
1273,Product_1273,4832.799999999999,2773.64,False
1274,Product_1274,13772.55,4054.1699999999996,False
1275,Product_1275,5809.52,3134.04,False
1276,Product_1276,13549.17,-987.0700000000002,False
1277,Product_1277,13095.779999999999,1117.4299999999998,False
1278,Product_1278,21373.96,1990.04,False
1279,Product_1279,14505.8,636.8599999999999,False
1280,Product_1280,11560.77,2537.84,False
1281,Product_1281,5892.9800000000005,864.43,False
1282,Product_1282,17930.399999999998,1899.5700000000002,False
1283,Product_1283,9814.04,2369.45,False
1284,Product_1284,22065.16,2460.09,False
1285,Product_1285,19887.260000000002,-827.2299999999999,False
1286,Product_1286,10582.15,1338.04,False
1287,Product_1287,15730.44,4881.39,False
1288,Product_1288,11051.05,3687.41,False
1289,Product_1289,15867.09,4442.37,False
1290,Product_1290,10957.28,2398.1800000000003,False
1291,Product_1291,12510.56,-1482.0700000000002,False
1292,Product_1292,15672.29,3506.1800000000003,False
1293,Product_1293,11252.35,951.0799999999999,False
1294,Product_1294,12062.439999999999,2127.2799999999997,False
1295,Product_1295,10329.81,-1597.06,False
1296,Product_1296,17719.489999999998,-439.40999999999985,False
1297,Product_1297,2850.0099999999998,-1762.73,False
1298,Product_1298,15359.349999999999,3171.64,False
1299,Product_1299,17483.72,4318.46,False
1300,Product_1300,1339.22,236.85000000000002,False
1301,Product_1301,8030.54,1050.5399999999997,False
1302,Product_1302,3845.66,-1178.91,False
1303,Product_1303,5111.51,376.94,False
1304,Product_1304,5434.4800000000005,-1026.32,False
1305,Product_1305,12689.67,149.16,False
1306,Product_1306,12212.61,1430.1800000000003,False
1307,Product_1307,23157.989999999998,3353.9999999999995,False
1308,Product_1308,10276.0,3665.13,False
1309,Product_1309,14900.98,3643.6400000000003,False
1310,Product_1310,7032.17,210.86,False
1311,Product_1311,17643.21,1488.3199999999997,False
1312,Product_1312,20309.16,1237.6100000000001,False
1313,Product_1313,12955.18,2811.43,False
1314,Product_1314,26225.57,3192.6000000000004,False
1315,Product_1315,8137.15,3004.09,False
1316,Product_1316,12064.79,2998.84,False
1317,Product_1317,25219.07,12.720000000000027,False
1318,Product_1318,5811.9400000000005,210.21999999999997,False
1319,Product_1319,8369.34,381.9400000000003,False
1320,Product_1320,10859.2,3885.6000000000004,False
1321,Product_1321,9824.6,3451.88,False
1322,Product_1322,10426.99,368.4599999999998,False
1323,Product_1323,27451.56,964.02,False
1324,Product_1324,12342.65,3871.68,False
1325,Product_1325,14934.52,-1259.54,False
1326,Product_1326,13945.16,628.71,False
1327,Product_1327,7421.17,-306.6400000000003,False
1328,Product_1328,15603.62,-416.89999999999986,False
1329,Product_1329,6833.209999999999,2078.6999999999994,False
1330,Product_1330,10750.45,-1709.7600000000002,False
1331,Product_1331,30001.6,2028.1100000000001,False
1332,Product_1332,11251.59,3660.29,False
1333,Product_1333,3672.13,-660.8299999999997,False
1334,Product_1334,14225.99,88.04000000000008,False
1335,Product_1335,11107.41,3431.38,False
1336,Product_1336,4844.41,3385.05,False
1337,Product_1337,9660.31,-1689.26,False
1338,Product_1338,21420.54,573.4200000000001,False
1339,Product_1339,10189.51,3786.04,False
1340,Product_1340,16562.02,1612.3000000000002,False
1341,Product_1341,9089.560000000001,3671.53,False
1342,Product_1342,18151.05,3493.92,False
1343,Product_1343,5153.5599999999995,3705.3999999999996,False
1344,Product_1344,11204.5,-1640.29,False
1345,Product_1345,7672.29,159.76999999999998,False
1346,Product_1346,14829.45,2220.3,False
1347,Product_1347,21817.61,685.4000000000001,False
1348,Product_1348,10476.44,-671.8699999999999,False
1349,Product_1349,19831.48,-862.3799999999999,False
1350,Product_1350,19466.71,2281.3500000000004,False
1351,Product_1351,19159.49,2766.1900000000005,False
1352,Product_1352,9800.78,24.33999999999969,False
1353,Product_1353,7974.4,1153.8300000000002,False
1354,Product_1354,15565.240000000002,-850.6799999999998,False
1355,Product_1355,13348.06,-1462.95,False
1356,Product_1356,7970.33,3233.4700000000003,False
1357,Product_1357,12581.68,-1688.4399999999998,False
1358,Product_1358,13234.529999999999,-1550.77,False
1359,Product_1359,9765.43,1787.6,False
1360,Product_1360,14964.47,2442.29,False
1361,Product_1361,12528.6,-1354.68,False
1362,Product_1362,5482.68,529.3799999999999,False
1363,Product_1363,19645.34,1422.3400000000001,False
1364,Product_1364,4584.5,-658.5299999999999,False
1365,Product_1365,5902.96,-2107.72,False
1366,Product_1366,14220.599999999999,2855.8599999999997,False
1367,Product_1367,3286.81,82.21000000000001,False
1368,Product_1368,14285.48,3720.8099999999995,False
1369,Product_1369,3428.59,616.73,False
1370,Product_1370,11993.289999999999,161.25999999999976,False
1371,Product_1371,15610.609999999999,1156.9699999999998,False
1372,Product_1372,990.25,-772.76,False
1373,Product_1373,10268.95,3117.42,False
1374,Product_1374,17636.67,2289.46,False
1375,Product_1375,13114.33,1490.63,False
1376,Product_1376,9473.99,2618.2,False
1377,Product_1377,29798.81,2468.38,False
1378,Product_1378,18476.43,3272.1499999999996,False
1379,Product_1379,15304.220000000001,-348.65,False
1380,Product_1380,15033.79,1286.1999999999998,False
1381,Product_1381,9510.28,1582.6,False
1382,Product_1382,12128.69,-568.44,False
1383,Product_1383,9944.31,3356.18,False
1384,Product_1384,15707.509999999998,-336.2800000000002,False
1385,Product_1385,10198.18,-929.7499999999998,False
1386,Product_1386,10157.85,4087.12,False
1387,Product_1387,26732.11,847.81,False
1388,Product_1388,11016.529999999999,4216.3099999999995,False
1389,Product_1389,12132.02,1425.5600000000004,False
1390,Product_1390,8116.830000000001,2930.76,False
1391,Product_1391,5645.87,72.75999999999999,False
1392,Product_1392,8596.84,1166.54,False
1393,Product_1393,9381.36,375.93000000000006,False
1394,Product_1394,12619.91,-1177.06,False
1395,Product_1395,19887.79,-1085.3200000000002,False
1396,Product_1396,18217.4,1556.17,False
1397,Product_1397,18752.48,3759.73,False
1398,Product_1398,24418.79,2162.2999999999997,False
1399,Product_1399,20583.79,488.72,False
1400,Product_1400,9129.97,1903.81,False
1401,Product_1401,11636.029999999999,3530.0899999999997,False
1402,Product_1402,20817.98,219.32999999999993,False
1403,Product_1403,14785.61,952.7299999999998,False
1404,Product_1404,16653.94,-587.8200000000002,False
1405,Product_1405,9588.24,-272.54,False
1406,Product_1406,11418.470000000001,2902.01,False
1407,Product_1407,23431.59,3122.0,False
1408,Product_1408,8804.66,867.3300000000002,False
1409,Product_1409,17016.0,1116.3600000000001,False
1410,Product_1410,8883.5,2114.26,False
1411,Product_1411,19077.46,3442.58,False
1412,Product_1412,13887.02,-531.03,False
1413,Product_1413,21753.6,3739.67,False
1414,Product_1414,302.06,69.88,False
1415,Product_1415,2887.63,2673.46,False
1416,Product_1416,25168.89,3188.9199999999996,False
1417,Product_1417,9977.17,1712.4899999999998,False
1418,Product_1418,6681.709999999999,-1055.44,False
1419,Product_1419,19061.760000000002,3160.81,False
1420,Product_1420,7945.43,42.75999999999999,False
1421,Product_1421,2384.83,-956.37,False
1422,Product_1422,10536.66,-47.61000000000013,False
1423,Product_1423,25092.510000000002,817.7600000000002,False
1424,Product_1424,6226.91,266.24999999999994,False
1425,Product_1425,5879.88,979.9300000000001,False
1426,Product_1426,18943.38,3007.0099999999998,False
1427,Product_1427,16441.9,-298.4300000000003,False
1428,Product_1428,12753.48,3292.8199999999997,False
1429,Product_1429,5365.64,289.56,False
1430,Product_1430,22215.46,1705.1400000000003,False
1431,Product_1431,9323.58,2287.21,False
1432,Product_1432,23631.06,991.86,False
1433,Product_1433,5991.17,-1947.87,False
1434,Product_1434,8947.94,-864.1700000000001,False
1435,Product_1435,7447.77,-608.6799999999998,False
1436,Product_1436,2293.98,-1698.8,False
1437,Product_1437,5967.93,-510.09000000000003,False
1438,Product_1438,533.06,-630.23,False
1439,Product_1439,13308.47,-2225.09,False
1440,Product_1440,13837.05,-1426.5099999999998,False
1441,Product_1441,17080.7,-305.78999999999996,False
1442,Product_1442,7102.5,1823.22,False
1443,Product_1443,19724.18,3250.1499999999996,False
1444,Product_1444,15373.720000000001,3338.6500000000005,False
1445,Product_1445,6495.15,1975.8199999999997,False
1446,Product_1446,12784.759999999998,3101.6299999999997,False
1447,Product_1447,6725.219999999999,1901.6499999999999,False
1448,Product_1448,20401.17,1774.9499999999998,False
1449,Product_1449,15593.26,1238.2899999999997,False
1450,Product_1450,8316.92,-993.7400000000002,False
1451,Product_1451,25693.14,1198.65,False
1452,Product_1452,6353.51,1561.5700000000002,False
1453,Product_1453,5170.66,-2092.36,False
1454,Product_1454,3362.03,1708.5700000000002,False
1455,Product_1455,4961.72,1966.98,False
1456,Product_1456,12789.54,2730.31,False
1457,Product_1457,6181.200000000001,-2273.77,False
1458,Product_1458,20096.87,2042.31,False
1459,Product_1459,17633.59,-893.5899999999999,False
1460,Product_1460,9270.41,3049.6,False
1461,Product_1461,3293.73,-1401.0800000000002,False
1462,Product_1462,1883.84,1312.4499999999998,False
1463,Product_1463,21758.71,-2551.2799999999997,False
1464,Product_1464,18960.61,1317.67,False
1465,Product_1465,16992.31,3061.78,False
1466,Product_1466,11803.630000000001,363.19999999999993,False
1467,Product_1467,9874.5,1043.12,False
1468,Product_1468,24723.3,1870.5700000000002,False
1469,Product_1469,7274.18,355.2099999999999,False
1470,Product_1470,9381.199999999999,-1384.74,False
1471,Product_1471,12066.11,-1380.9299999999998,False
1472,Product_1472,6783.620000000001,1159.98,False
1473,Product_1473,10362.52,3914.1099999999997,False
1474,Product_1474,17680.68,1755.04,False
1475,Product_1475,13755.48,2776.4500000000003,False
1476,Product_1476,7208.0,415.1199999999999,False
1477,Product_1477,27049.61,2915.2199999999993,False
1478,Product_1478,8939.369999999999,741.1700000000001,False
1479,Product_1479,3154.24,720.89,False
1480,Product_1480,15435.08,69.65999999999985,False
1481,Product_1481,14719.96,2891.29,False
1482,Product_1482,8746.08,2687.69,False
1483,Product_1483,14086.810000000001,-649.78,False
1484,Product_1484,15977.08,1789.9299999999998,False
1485,Product_1485,31294.17,1511.0700000000002,False
1486,Product_1486,9040.800000000001,106.15000000000003,False
1487,Product_1487,14241.85,1650.98,False
1488,Product_1488,678.53,560.5999999999999,False
1489,Product_1489,598.31,-880.71,False
1490,Product_1490,10097.59,1492.93,False
1491,Product_1491,21926.93,1320.3200000000002,False
1492,Product_1492,23453.56,1832.8000000000002,False
1493,Product_1493,16189.380000000001,1303.08,False
1494,Product_1494,4027.49,810.5999999999999,False
1495,Product_1495,4212.0,2626.91,False
1496,Product_1496,8151.78,322.75,False
1497,Product_1497,14715.57,432.20000000000005,False
1498,Product_1498,21058.46,32.07999999999993,False
1499,Product_1499,20790.19,3355.0,False
1500,Product_1500,16762.13,2041.1399999999999,False
1501,Product_1501,24227.03,-24.8900000000001,False
1502,Product_1502,7855.11,-195.32999999999993,False
1503,Product_1503,15534.74,2229.7,False
1504,Product_1504,22805.62,928.3899999999999,False
1505,Product_1505,9789.640000000001,4362.25,False
1506,Product_1506,11879.57,3271.37,False
1507,Product_1507,15098.21,1323.6399999999999,False
1508,Product_1508,10294.47,2620.65,False
1509,Product_1509,5900.15,-653.8699999999999,False
1510,Product_1510,6686.24,3424.6100000000006,False
1511,Product_1511,13008.140000000001,-2217.64,False
1512,Product_1512,13304.23,-157.92999999999995,False
1513,Product_1513,24605.3,1954.7500000000005,False
1514,Product_1514,17000.89,222.6199999999999,False
1515,Product_1515,14960.59,1922.1000000000004,False
1516,Product_1516,5272.24,630.06,False
1517,Product_1517,13999.449999999999,-100.05999999999995,False
1518,Product_1518,2621.45,-287.6300000000001,False
1519,Product_1519,21418.54,3634.2599999999998,False
1520,Product_1520,19576.79,3813.1399999999994,False
1521,Product_1521,11233.04,-1101.17,False
1522,Product_1522,620.4,106.84000000000003,False
1523,Product_1523,15180.92,1662.05,False
1524,Product_1524,312.35,-1631.7599999999998,False
1525,Product_1525,26139.34,1644.21,False
1526,Product_1526,6567.82,246.0300000000001,False
1527,Product_1527,19441.23,-1695.71,False
1528,Product_1528,27469.82,313.37999999999965,False
1529,Product_1529,4858.75,-124.68000000000004,False
1530,Product_1530,13615.79,1050.2199999999998,False
1531,Product_1531,14391.99,3472.8099999999995,False
1532,Product_1532,7967.93,1174.64,False
1533,Product_1533,15171.09,1803.22,False
1534,Product_1534,25251.940000000002,3540.5,False
1535,Product_1535,29528.649999999998,1796.18,False
1536,Product_1536,21546.18,-1830.5700000000002,False
1537,Product_1537,9215.11,2572.9399999999996,False
1538,Product_1538,12243.65,3690.86,False
1539,Product_1539,4745.2,3562.29,False
1540,Product_1540,8458.039999999999,2500.0499999999997,False
1541,Product_1541,19890.100000000002,65.72000000000003,False
1542,Product_1542,11334.75,84.63,False
1543,Product_1543,13197.91,2378.1899999999996,False
1544,Product_1544,8758.9,1882.9499999999998,False
1545,Product_1545,18602.059999999998,-650.6400000000001,False
1546,Product_1546,17602.15,1462.0900000000001,False
1547,Product_1547,17900.07,2120.05,False
1548,Product_1548,10136.53,1189.17,False
1549,Product_1549,9163.75,-1394.56,False
1550,Product_1550,3393.02,-1679.19,False
1551,Product_1551,13334.3,-429.10999999999996,False
1552,Product_1552,965.58,-196.19999999999993,False
1553,Product_1553,15081.05,3679.53,False
1554,Product_1554,3665.92,1997.0700000000002,False
1555,Product_1555,8691.38,1361.82,False
1556,Product_1556,17087.93,-1211.8700000000001,False
1557,Product_1557,22689.59,907.1000000000001,False
1558,Product_1558,13571.349999999999,-706.8900000000001,False
1559,Product_1559,16387.66,2011.6499999999999,False
1560,Product_1560,4614.11,2406.3799999999997,False
1561,Product_1561,14484.0,6.569999999999936,False
1562,Product_1562,19214.69,3769.1100000000006,False
1563,Product_1563,14026.34,1703.5500000000002,False
1564,Product_1564,7070.6,224.57999999999993,False
1565,Product_1565,13416.029999999999,667.3400000000001,False
1566,Product_1566,12582.45,227.87,False
1567,Product_1567,7542.51,502.97,False
1568,Product_1568,17971.98,-1039.05,False
1569,Product_1569,12346.28,-1401.29,False
1570,Product_1570,3992.51,1946.73,False
1571,Product_1571,11646.5,1697.96,False
1572,Product_1572,21673.02,3220.76,False
1573,Product_1573,13098.91,-1497.6499999999999,False
1574,Product_1574,9095.75,3099.77,False
1575,Product_1575,10794.08,2002.8799999999997,False
1576,Product_1576,9166.11,1838.77,False
1577,Product_1577,16593.45,3474.1399999999994,False
1578,Product_1578,7023.389999999999,1235.15,False
1579,Product_1579,13050.96,518.79,False
1580,Product_1580,13533.41,117.18000000000006,False
1581,Product_1581,12261.27,2033.5800000000004,False
1582,Product_1582,4556.0,1708.9899999999998,False
1583,Product_1583,6958.15,1612.9899999999998,False
1584,Product_1584,14351.49,1415.67,False
1585,Product_1585,8593.039999999999,3783.86,False
1586,Product_1586,7507.76,-730.3900000000001,False
1587,Product_1587,4279.84,1679.6400000000003,False
1588,Product_1588,19727.82,4016.88,False
1589,Product_1589,12260.45,-242.89000000000004,False
1590,Product_1590,15483.99,662.76,False
1591,Product_1591,9409.32,-818.4599999999999,False
1592,Product_1592,2993.7299999999996,-1436.0900000000001,False
1593,Product_1593,13817.71,808.1200000000001,False
1594,Product_1594,11455.36,671.5499999999997,False
1595,Product_1595,11922.01,737.1999999999998,False
1596,Product_1596,14764.51,276.80999999999995,False
1597,Product_1597,10888.039999999999,2085.1099999999997,False
1598,Product_1598,2371.98,-1808.3600000000001,False
1599,Product_1599,6443.6900000000005,-547.27,False
1600,Product_1600,3073.01,293.90999999999985,False
1601,Product_1601,11335.4,2080.6899999999996,False
1602,Product_1602,30078.67,206.57000000000016,False
1603,Product_1603,11752.95,1684.3,False
1604,Product_1604,8681.59,961.21,False
1605,Product_1605,14843.07,688.1500000000001,False
1606,Product_1606,4462.38,-902.5300000000001,False
1607,Product_1607,9758.26,2461.28,False
1608,Product_1608,16505.75,1941.9899999999998,False
1609,Product_1609,4802.969999999999,-1013.0600000000001,False
1610,Product_1610,16370.9,1864.1599999999999,False
1611,Product_1611,26845.61,481.7199999999998,False
1612,Product_1612,12049.689999999999,1713.9700000000003,False
1613,Product_1613,10862.220000000001,2949.7000000000003,False
1614,Product_1614,7464.31,1528.04,False
1615,Product_1615,10735.81,-892.53,False
1616,Product_1616,4013.97,1143.1099999999997,False
1617,Product_1617,12514.05,761.1799999999998,False
1618,Product_1618,13130.43,-1721.7,False
1619,Product_1619,6494.58,3449.5499999999997,False
1620,Product_1620,14665.75,1957.3500000000001,False
1621,Product_1621,19168.289999999997,-663.9300000000001,False
1622,Product_1622,18377.23,1657.14,False
1623,Product_1623,24360.739999999998,529.4000000000001,False
1624,Product_1624,35329.98,-172.82999999999993,True
1625,Product_1625,8505.300000000001,-1308.56,False
1626,Product_1626,11306.35,-2104.92,False
1627,Product_1627,15590.33,-432.70000000000005,False
1628,Product_1628,7922.9400000000005,4230.84,False
1629,Product_1629,13579.849999999999,2441.5699999999997,False
1630,Product_1630,16971.9,374.33000000000004,False
1631,Product_1631,11233.91,267.32,False
1632,Product_1632,23427.92,-824.86,False
1633,Product_1633,13110.09,1180.3000000000002,False
1634,Product_1634,14900.880000000001,1686.1699999999998,False
1635,Product_1635,10754.33,-1106.8899999999999,False
1636,Product_1636,10748.529999999999,3288.73,False
1637,Product_1637,29901.47,2825.33,False
1638,Product_1638,24810.82,2755.2200000000003,False
1639,Product_1639,4354.37,-496.48,False
1640,Product_1640,20532.96,192.68000000000006,False
1641,Product_1641,9111.84,-101.15999999999985,False
1642,Product_1642,17737.02,1561.45,False
1643,Product_1643,5828.87,446.9100000000001,False
1644,Product_1644,11165.89,-1307.71,False
1645,Product_1645,11657.7,700.26,False
1646,Product_1646,20861.26,1166.11,False
1647,Product_1647,19951.5,-1758.26,False
1648,Product_1648,2897.34,513.4900000000002,False
1649,Product_1649,7622.7300000000005,-601.3000000000001,False
1650,Product_1650,13999.33,3582.4700000000003,False
1651,Product_1651,19858.7,-1152.0900000000001,False
1652,Product_1652,2722.97,864.8499999999999,False
1653,Product_1653,16567.56,786.24,False
1654,Product_1654,4882.92,432.71000000000004,False
1655,Product_1655,7477.06,-824.8600000000001,False
1656,Product_1656,20639.62,1243.1699999999998,False
1657,Product_1657,6247.620000000001,174.69000000000005,False
1658,Product_1658,7590.5199999999995,3279.25,False
1659,Product_1659,3197.1,158.38,False
1660,Product_1660,20470.54,-2437.71,False
1661,Product_1661,4520.879999999999,-1231.4099999999999,False
1662,Product_1662,21991.54,2278.71,False
1663,Product_1663,21759.059999999998,3333.66,False
1664,Product_1664,39362.43,1242.44,True
1665,Product_1665,3957.48,95.23000000000002,False
1666,Product_1666,16175.74,3257.99,False
1667,Product_1667,16175.47,1835.64,False
1668,Product_1668,16946.9,1558.0600000000002,False
1669,Product_1669,14793.349999999999,2905.3399999999997,False
1670,Product_1670,19379.92,4540.25,False
1671,Product_1671,14469.59,-584.03,False
1672,Product_1672,13972.35,-649.9200000000001,False
1673,Product_1673,11753.279999999999,3756.92,False
1674,Product_1674,1452.92,-2438.6800000000003,False
1675,Product_1675,6500.21,355.5,False
1676,Product_1676,19124.7,-94.20000000000027,False
1677,Product_1677,9983.33,1148.71,False
1678,Product_1678,8661.029999999999,1834.13,False
1679,Product_1679,2959.57,2055.49,False
1680,Product_1680,7548.099999999999,-942.2399999999999,False
1681,Product_1681,20299.68,3355.0,False
1682,Product_1682,11052.85,-929.3000000000001,False
1683,Product_1683,842.23,-57.41999999999996,False
1684,Product_1684,10110.87,2896.67,False
1685,Product_1685,18062.629999999997,-630.0600000000002,False
1686,Product_1686,14905.93,393.8299999999999,False
1687,Product_1687,10773.529999999999,2903.2799999999997,False
1688,Product_1688,7613.82,2509.71,False
1689,Product_1689,247.28,-282.20000000000005,False
1690,Product_1690,9617.28,258.19000000000005,False
1691,Product_1691,6527.83,3121.63,False
1692,Product_1692,12481.05,-1589.29,False
1693,Product_1693,4704.62,-473.4200000000001,False
1694,Product_1694,15310.36,1773.0299999999997,False
1695,Product_1695,9295.800000000001,-421.8399999999999,False
1696,Product_1696,25388.66,4277.0,False
1697,Product_1697,2180.21,-676.52,False
1698,Product_1698,7353.370000000001,2203.51,False
1699,Product_1699,20689.98,1579.1999999999998,False
1700,Product_1700,9409.94,-2447.25,False
1701,Product_1701,12173.470000000001,3769.29,False
1702,Product_1702,938.19,-46.569999999999936,False
1703,Product_1703,22518.510000000002,2392.76,False
1704,Product_1704,27823.39,1727.79,False
1705,Product_1705,8545.84,193.57000000000016,False
1706,Product_1706,18103.32,235.51999999999998,False
1707,Product_1707,10679.4,1988.82,False
1708,Product_1708,5003.74,3448.2599999999998,False
1709,Product_1709,2350.62,1589.19,False
1710,Product_1710,9489.83,69.05999999999995,False
1711,Product_1711,9952.01,1001.8900000000003,False
1712,Product_1712,4641.97,-819.77,False
1713,Product_1713,7013.0199999999995,1340.94,False
1714,Product_1714,11306.2,-594.04,False
1715,Product_1715,11151.51,-1346.82,False
1716,Product_1716,16356.85,1491.8899999999999,False
1717,Product_1717,19903.12,3139.72,False
1718,Product_1718,7098.450000000001,-1069.6999999999998,False
1719,Product_1719,9264.83,-260.37,False
1720,Product_1720,12652.81,-1727.5700000000002,False
1721,Product_1721,7482.57,3065.6499999999996,False
1722,Product_1722,7574.59,129.13,False
1723,Product_1723,5773.139999999999,-434.02,False
1724,Product_1724,18843.65,1739.8800000000006,False
1725,Product_1725,8473.739999999998,2099.3999999999996,False
1726,Product_1726,16458.68,972.3200000000002,False
1727,Product_1727,15842.4,2651.09,False
1728,Product_1728,9245.39,1204.0300000000002,False
1729,Product_1729,17945.61,969.5799999999999,False
1730,Product_1730,15838.9,-318.74,False
1731,Product_1731,3977.36,-2088.5,False
1732,Product_1732,30848.75,2052.7,False
1733,Product_1733,16428.33,3014.1000000000004,False
1734,Product_1734,15486.49,1190.2399999999998,False
1735,Product_1735,3696.75,-1632.8000000000002,False
1736,Product_1736,16463.0,1868.24,False
1737,Product_1737,9836.09,2464.2,False
1738,Product_1738,14517.17,-1568.28,False
1739,Product_1739,23581.550000000003,2081.3199999999997,False
1740,Product_1740,15960.76,3191.54,False
1741,Product_1741,9862.78,2007.0500000000002,False
1742,Product_1742,17242.04,1295.5500000000002,False
1743,Product_1743,24083.57,2028.17,False
1744,Product_1744,13512.740000000002,-960.97,False
1745,Product_1745,9441.02,595.98,False
1746,Product_1746,15365.14,1779.8000000000002,False
1747,Product_1747,25214.82,1432.1299999999997,False
1748,Product_1748,8457.2,-688.0799999999999,False
1749,Product_1749,6686.0599999999995,2098.57,False
1750,Product_1750,15978.56,3230.6000000000004,False
1751,Product_1751,13258.34,651.03,False
1752,Product_1752,2891.09,-329.59000000000015,False
1753,Product_1753,15320.81,3713.8999999999996,False
1754,Product_1754,16791.41,100.44999999999982,False
1755,Product_1755,20518.19,4482.77,False
1756,Product_1756,5304.09,799.31,False
1757,Product_1757,17384.0,104.19000000000005,False
1758,Product_1758,14425.310000000001,1558.64,False
1759,Product_1759,25721.05,-2173.9,False
1760,Product_1760,11970.82,-954.97,False
1761,Product_1761,2355.18,-2074.71,False
1762,Product_1762,24334.42,173.88999999999987,False
1763,Product_1763,16022.67,2629.7799999999997,False
1764,Product_1764,4077.99,204.93999999999983,False
1765,Product_1765,5899.3,-1069.0700000000002,False
1766,Product_1766,3604.91,3367.1299999999997,False
1767,Product_1767,12477.41,1843.29,False
1768,Product_1768,9875.86,1657.3199999999997,False
1769,Product_1769,17146.39,236.48000000000002,False
1770,Product_1770,5327.82,493.21000000000004,False
1772,Product_1772,28733.82,3146.94,False
1773,Product_1773,7585.49,3271.2300000000005,False
1774,Product_1774,7565.59,3547.0699999999997,False
1775,Product_1775,13475.51,-1209.07,False
1776,Product_1776,8454.95,2764.48,False
1777,Product_1777,15991.75,973.6100000000001,False
1778,Product_1778,21807.54,2423.7299999999996,False
1779,Product_1779,18786.06,2265.94,False
1780,Product_1780,17014.050000000003,1082.2600000000002,False
1781,Product_1781,11915.54,2460.78,False
1782,Product_1782,8310.89,-1399.53,False
1783,Product_1783,5677.11,3530.64,False
1784,Product_1784,15051.32,490.90999999999985,False
1785,Product_1785,11528.51,1594.85,False
1786,Product_1786,1200.96,-886.69,False
1787,Product_1787,5151.98,939.19,False
1788,Product_1788,16984.59,256.3899999999999,False
1789,Product_1789,8797.68,1159.25,False
1790,Product_1790,11852.31,3078.7799999999997,False
1791,Product_1791,15626.18,-86.01999999999998,False
1792,Product_1792,23062.56,2143.5200000000004,False
1793,Product_1793,8629.85,-709.03,False
1794,Product_1794,7504.4,-923.8,False
1795,Product_1795,14443.16,-2015.54,False
1796,Product_1796,11842.16,2951.77,False
1797,Product_1797,12609.599999999999,1908.58,False
1798,Product_1798,9920.04,-1237.26,False
1799,Product_1799,8804.86,1684.3999999999999,False
1800,Product_1800,24750.38,1734.6100000000001,False
1801,Product_1801,5705.679999999999,-1799.1000000000004,False
1802,Product_1802,16020.74,-1102.6599999999999,False
1803,Product_1803,11579.07,-328.26,False
1804,Product_1804,7972.4800000000005,3846.7200000000003,False
1805,Product_1805,13899.66,-744.72,False
1806,Product_1806,14848.78,88.80999999999995,False
1807,Product_1807,18996.11,-1083.3,False
1808,Product_1808,16829.8,2061.52,False
1809,Product_1809,25071.61,-871.77,False
1810,Product_1810,10404.869999999999,3210.3399999999997,False
1811,Product_1811,6703.58,-120.41000000000031,False
1812,Product_1812,28859.64,282.3599999999997,False
1813,Product_1813,21084.08,773.49,False
1814,Product_1814,9160.779999999999,3110.25,False
1815,Product_1815,11847.61,3179.2799999999997,False
1816,Product_1816,12556.0,682.8299999999999,False
1817,Product_1817,9324.119999999999,3940.79,False
1818,Product_1818,22757.08,-730.21,False
1819,Product_1819,10133.07,1472.65,False
1820,Product_1820,10444.880000000001,2216.8400000000006,False
1821,Product_1821,2357.1800000000003,594.2900000000001,False
1822,Product_1822,7586.47,2559.4800000000005,False
1823,Product_1823,23332.01,1851.58,False
1824,Product_1824,15768.91,2015.36,False
1825,Product_1825,7641.12,1300.9599999999996,False
1826,Product_1826,16298.59,4145.1,False
1827,Product_1827,15347.11,-364.53999999999996,False
1828,Product_1828,15046.89,1491.23,False
1829,Product_1829,25888.12,1553.9099999999999,False
1830,Product_1830,15548.71,3407.84,False
1831,Product_1831,7405.78,4176.93,False
1832,Product_1832,13548.310000000001,2949.31,False
1833,Product_1833,8931.31,-2873.9500000000003,False
1834,Product_1834,9853.67,2224.65,False
1835,Product_1835,7105.72,-183.74,False
1836,Product_1836,22225.989999999998,141.41000000000003,False
1837,Product_1837,6392.93,1740.58,False
1838,Product_1838,12666.539999999999,-897.2800000000001,False
1839,Product_1839,15393.66,869.3799999999999,False
1840,Product_1840,19261.91,717.6500000000001,False
1841,Product_1841,6230.24,1283.56,False
1842,Product_1842,15483.720000000001,4249.08,False
1843,Product_1843,16960.28,-1472.49,False
1844,Product_1844,16450.75,2199.4700000000003,False
1845,Product_1845,9845.89,-440.5400000000002,False
1846,Product_1846,17871.59,2212.83,False
1847,Product_1847,4564.030000000001,1459.96,False
1848,Product_1848,15881.640000000001,-401.72,False
1849,Product_1849,21947.92,3937.16,False
1850,Product_1850,14724.34,1526.43,False
1851,Product_1851,17703.37,171.5,False
1852,Product_1852,23473.61,1027.19,False
1853,Product_1853,9275.27,-724.5400000000002,False
1854,Product_1854,10279.619999999999,-1246.8199999999997,False
1855,Product_1855,8726.26,-1003.1700000000001,False
1856,Product_1856,22788.16,-125.61000000000001,False
1857,Product_1857,12790.62,4483.13,False
1858,Product_1858,14355.29,-1595.7800000000002,False
1859,Product_1859,8743.869999999999,4555.17,False
1860,Product_1860,10481.52,969.0900000000001,False
1861,Product_1861,15032.0,2612.6099999999997,False
1862,Product_1862,2029.45,158.90999999999997,False
1863,Product_1863,11107.7,-1346.79,False
1864,Product_1864,23353.8,2016.2899999999997,False
1865,Product_1865,1414.78,-974.0699999999999,False
1866,Product_1866,12063.439999999999,3513.52,False
1867,Product_1867,9899.12,2928.0000000000005,False
1868,Product_1868,16363.31,-1648.1799999999998,False
1869,Product_1869,24877.22,-546.75,False
1870,Product_1870,4624.85,2514.7500000000005,False
1871,Product_1871,6396.57,799.84,False
1872,Product_1872,5599.0,-431.02999999999975,False
1873,Product_1873,9146.23,-1152.9699999999998,False
1874,Product_1874,27924.75,4746.280000000001,False
1875,Product_1875,24411.07,520.85,False
1876,Product_1876,11896.02,2104.94,False
1877,Product_1877,12184.970000000001,654.6500000000001,False
1878,Product_1878,9867.09,412.4000000000001,False
1879,Product_1879,15758.47,-1173.7499999999998,False
1880,Product_1880,1161.3899999999999,-219.04000000000008,False
1881,Product_1881,7337.780000000001,3492.34,False
1882,Product_1882,15725.63,3124.7799999999997,False
1883,Product_1883,15205.12,1869.48,False
1884,Product_1884,14493.369999999999,1265.5300000000002,False
1885,Product_1885,30103.4,2985.0099999999998,False
1886,Product_1886,14214.1,2542.83,False
1887,Product_1887,2780.4700000000003,107.33999999999992,False
1888,Product_1888,20268.59,480.7199999999998,False
1889,Product_1889,13437.669999999998,1218.38,False
1890,Product_1890,15558.13,1131.73,False
1891,Product_1891,22541.690000000002,1605.08,False
1892,Product_1892,12359.09,-368.8900000000003,False
1893,Product_1893,4878.6,-1393.5499999999997,False
1894,Product_1894,11792.69,50.569999999999936,False
1895,Product_1895,13427.82,2337.17,False
1896,Product_1896,11779.060000000001,3540.8500000000004,False
1897,Product_1897,7212.700000000001,2085.09,False
1898,Product_1898,10873.69,644.7199999999999,False
1899,Product_1899,13190.18,-2077.1600000000003,False
1900,Product_1900,10484.44,80.18000000000029,False
1901,Product_1901,21247.74,375.25,False
1902,Product_1902,7272.280000000001,-1018.4899999999999,False
1903,Product_1903,13353.13,2217.4500000000003,False
1904,Product_1904,15207.81,-437.66999999999985,False
1905,Product_1905,16816.03,3433.6400000000003,False
1906,Product_1906,15460.2,682.3499999999999,False
1907,Product_1907,10690.7,4268.38,False
1908,Product_1908,10149.2,1250.08,False
1909,Product_1909,4782.68,2218.28,False
1910,Product_1910,3365.9,2036.88,False
1911,Product_1911,12762.8,873.7599999999998,False
1912,Product_1912,15166.26,-972.3199999999999,False
1913,Product_1913,5173.78,-1658.68,False
1914,Product_1914,4704.43,-1771.17,False
1915,Product_1915,21340.28,1259.8000000000002,False
1916,Product_1916,11137.26,2083.9,False
1917,Product_1917,633.6,-1589.2000000000003,False
1918,Product_1918,12319.02,597.5799999999999,False
1919,Product_1919,7425.0,-886.5999999999999,False
1920,Product_1920,7169.94,573.8199999999999,False
1921,Product_1921,6371.69,1132.6799999999998,False
1922,Product_1922,22541.67,2874.6499999999996,False
1923,Product_1923,23113.6,2423.8599999999997,False
1924,Product_1924,15688.45,2754.9700000000003,False
1925,Product_1925,8638.97,-677.9800000000002,False
1926,Product_1926,5644.88,1870.2,False
1927,Product_1927,11198.79,-1687.2099999999998,False
1928,Product_1928,20561.22,1449.03,False
1929,Product_1929,15533.74,-609.2400000000002,False
1930,Product_1930,20213.46,2070.13,False
1931,Product_1931,9025.99,1537.8600000000001,False
1932,Product_1932,8986.03,-1380.7899999999997,False
1933,Product_1933,17045.72,-350.8000000000002,False
1934,Product_1934,24488.519999999997,3033.71,False
1935,Product_1935,18068.989999999998,1821.03,False
1936,Product_1936,8605.77,823.3500000000001,False
1937,Product_1937,19944.62,2098.2200000000003,False
1938,Product_1938,14980.029999999999,1021.02,False
1939,Product_1939,5206.55,-824.48,False
1940,Product_1940,13493.94,1609.1700000000005,False
1941,Product_1941,11090.1,1993.6399999999999,False
1942,Product_1942,10855.59,1186.88,False
1943,Product_1943,6523.349999999999,-2674.12,False
1944,Product_1944,28265.64,967.8000000000002,False
1945,Product_1945,12458.24,-76.04999999999995,False
1946,Product_1946,15055.01,1820.2800000000002,False
1947,Product_1947,11905.43,1188.75,False
1948,Product_1948,13483.789999999999,1555.21,False
1949,Product_1949,1940.03,1575.6799999999998,False
1950,Product_1950,4712.71,464.07000000000005,False
1951,Product_1951,4131.05,-2479.65,False
1952,Product_1952,13964.279999999999,719.6900000000003,False
1953,Product_1953,18746.24,-1204.58,False
1954,Product_1954,11912.68,3275.59,False
1955,Product_1955,10691.28,-944.0700000000002,False
1956,Product_1956,18467.95,1215.5500000000002,False
1957,Product_1957,18569.6,-1050.96,False
1958,Product_1958,9148.03,-402.41999999999996,False
1959,Product_1959,13311.31,2508.74,False
1960,Product_1960,12633.58,3472.91,False
1961,Product_1961,9373.61,1781.05,False
1962,Product_1962,9298.26,570.41,False
1963,Product_1963,20574.97,2136.46,False
1964,Product_1964,7498.22,902.34,False
1965,Product_1965,21333.54,825.5299999999997,False
1966,Product_1966,703.77,-1447.5900000000001,False
1967,Product_1967,18318.66,1005.02,False
1968,Product_1968,9469.95,-368.46,False
1969,Product_1969,5206.96,-1351.27,False
1970,Product_1970,9218.25,3860.3,False
1971,Product_1971,8752.52,1886.7900000000004,False
1972,Product_1972,16580.35,-408.03999999999996,False
1973,Product_1973,6771.99,2341.0,False
1974,Product_1974,13978.029999999999,3345.43,False
1975,Product_1975,11541.82,931.22,False
1976,Product_1976,6473.76,-1017.9300000000001,False
1977,Product_1977,4796.1,891.2900000000002,False
1978,Product_1978,15993.85,-6.910000000000309,False
1979,Product_1979,8120.94,-340.24000000000024,False
1980,Product_1980,16995.05,-1648.44,False
1981,Product_1981,12637.16,3389.8300000000004,False
1982,Product_1982,12032.02,-2511.81,False
1983,Product_1983,23459.28,1454.47,False
1984,Product_1984,13138.07,2020.04,False
1985,Product_1985,9846.789999999999,-1678.9900000000002,False
1986,Product_1986,8971.92,1475.3999999999996,False
1987,Product_1987,6617.01,-1131.7399999999998,False
1988,Product_1988,8216.93,1815.19,False
1989,Product_1989,25981.85,3877.82,False
1990,Product_1990,6184.74,291.9000000000001,False
1991,Product_1991,324.12,-907.4899999999999,False
1992,Product_1992,11943.400000000001,956.1800000000003,False
1993,Product_1993,15003.45,3933.22,False
1994,Product_1994,10328.43,-322.90999999999985,False
1995,Product_1995,25476.39,1322.9099999999999,False
1996,Product_1996,16069.080000000002,1583.73,False
1997,Product_1997,8079.43,1464.76,False
1998,Product_1998,5281.84,4074.62,False
1999,Product_1999,8430.6,2800.7400000000002,False
2000,Product_2000,12912.85,3767.9000000000005,False
